Ticker,Date,Open,High,Low,Close,Volume
QGMD,2020-05-14,1.2100,1.2800,1.0840,1.1150,12993436
QGMD,2020-05-17,1.1330,1.2250,1.0200,1.0400,13673041
QGMD,2020-05-18,1.0400,1.0710,0.9600,0.9650,5070356
QGMD,2020-05-19,0.9710,1.0610,0.9300,1.0610,13070191
QGMD,2020-05-20,1.1480,1.1580,1.0350,1.0650,17800892
QGMD,2020-05-21,1.0600,1.1250,1.0230,1.0560,9568302
QGMD,2020-05-31,1.0730,1.1190,1.0700,1.0780,2648508
QGMD,2020-06-01,1.1000,1.1000,0.9770,1.0500,3722344
QGMD,2020-06-02,1.0370,1.0630,1.0200,1.0490,3195420
QGMD,2020-06-03,1.0580,1.1530,1.0380,1.1530,13323819
QGMD,2020-06-04,1.2000,1.2600,1.1500,1.2150,41262248
QGMD,2020-06-07,1.2590,1.2930,1.2400,1.2630,12573677
QGMD,2020-06-08,1.2640,1.2700,1.2120,1.2270,10768143
QGMD,2020-06-09,1.2280,1.2280,1.1500,1.1530,7082956
QGMD,2020-06-10,1.1790,1.2350,1.1490,1.1810,11460179
QGMD,2020-06-11,1.1920,1.2100,1.1640,1.1730,3125374
QGMD,2020-06-14,1.1740,1.1940,1.1700,1.1810,1694155
QGMD,2020-06-15,1.1650,1.2340,1.1640,1.2000,12468257
QGMD,2020-06-16,1.2100,1.2220,1.1770,1.1860,4136511
QGMD,2020-06-17,1.1860,1.2100,1.1720,1.1850,4563995
QGMD,2020-06-18,1.1940,1.1950,1.1800,1.1880,2533286
QGMD,2020-06-21,1.1800,1.2090,1.1800,1.1850,3876913
QGMD,2020-06-22,1.1810,1.2500,1.1700,1.2380,23759410
QGMD,2020-06-23,1.2500,1.2990,1.2210,1.2280,25904188
QGMD,2020-06-24,1.2270,1.2550,1.1950,1.2400,15140541
QGMD,2020-06-25,1.2340,1.2790,1.2200,1.2420,19348152
QGMD,2020-06-28,1.2450,1.2900,1.2450,1.2590,16078613
QGMD,2020-06-29,1.2840,1.2840,1.2340,1.2410,4156314
QGMD,2020-06-30,1.2410,1.2740,1.2200,1.2670,10006249
QGMD,2020-07-01,1.2730,1.3100,1.2430,1.2690,6589696
QGMD,2020-07-02,1.2890,1.2890,1.2550,1.2660,3948922
QGMD,2020-07-05,1.2700,1.2760,1.2510,1.2600,3615750
QGMD,2020-07-06,1.2720,1.2720,1.2520,1.2640,1929850
QGMD,2020-07-07,1.2550,1.2550,1.2220,1.2360,2854944
QGMD,2020-07-08,1.2500,1.2550,1.2000,1.2360,5733547
QGMD,2020-07-09,1.2380,1.3590,1.2370,1.3590,22941000
QGMD,2020-07-12,1.3980,1.4940,1.3650,1.4940,22687296
QGMD,2020-07-13,1.6000,1.6430,1.5620,1.6430,6590945
QGMD,2020-07-14,1.7990,1.8070,1.7780,1.8070,8511704
QGMD,2020-07-15,1.9000,1.9000,1.6330,1.7100,29687352
QGMD,2020-07-16,1.7310,1.8000,1.7300,1.7660,11145811
QGMD,2020-07-19,1.7990,1.9100,1.7700,1.8570,18241252
QGMD,2020-07-20,1.8990,2.0420,1.8950,2.0420,28092728
QGMD,2020-07-21,2.1000,2.2460,2.1000,2.2460,30650382
QGMD,2020-07-22,2.3000,2.3000,2.0220,2.0220,35959892
QGMD,2020-07-23,2.0000,2.2000,1.9020,2.1600,45694604
QGMD,2020-07-26,2.1800,2.2970,2.0900,2.2700,32381508
QGMD,2020-07-27,2.2990,2.3750,2.2700,2.2940,7393347
QGMD,2020-07-28,2.2950,2.5020,2.2710,2.4500,28879864
QGMD,2020-07-29,2.5900,2.6010,2.3300,2.3680,32223250
QGMD,2020-08-05,2.4350,2.4350,2.3270,2.3370,3479673
QGMD,2020-08-06,2.3500,2.3500,2.1510,2.2450,8825109
QGMD,2020-08-09,2.2510,2.4690,2.2500,2.4690,23052386
QGMD,2020-08-10,2.5490,2.6900,2.5070,2.6250,33413660
QGMD,2020-08-11,2.6320,2.6780,2.6250,2.6280,13557780
QGMD,2020-08-12,2.6340,2.6800,2.6310,2.6500,10815225
QGMD,2020-08-13,2.6600,2.7100,2.6500,2.7040,14681539
QGMD,2020-08-16,2.7000,2.7000,2.4520,2.5500,24579324
QGMD,2020-08-17,2.5770,2.5800,2.4550,2.4770,10680389
QGMD,2020-08-18,2.4650,2.5600,2.4650,2.4910,5309574
QGMD,2020-08-19,2.5000,2.5200,2.4510,2.4550,1933600
QGMD,2020-08-20,2.4550,2.4550,2.4010,2.4490,2432667
QGMD,2020-08-23,2.4490,2.5470,2.4490,2.5030,6344581
QGMD,2020-08-24,2.5470,2.5600,2.4900,2.5600,6438750
QGMD,2020-08-25,2.5700,2.5990,2.5410,2.5540,5361581
QGMD,2020-08-26,2.5600,2.5700,2.5160,2.5470,3094440
QGMD,2020-08-27,2.5240,2.5830,2.4760,2.5170,8843068
QGMD,2020-08-30,2.5210,2.5490,2.5120,2.5240,2067245
QGMD,2020-08-31,2.5110,2.5680,2.5110,2.5500,7480210
QGMD,2020-09-01,2.5500,2.5680,2.5310,2.5550,3909532
QGMD,2020-09-02,2.5600,2.6400,2.5600,2.6250,10551551
QGMD,2020-09-03,2.6360,2.6400,2.5850,2.6150,6263664
QGMD,2020-09-06,2.6000,2.6100,2.5500,2.5800,2746356
QGMD,2020-09-07,2.5850,2.6600,2.5850,2.6500,9733537
QGMD,2020-09-08,2.6680,2.6700,2.5900,2.6090,11022789
QGMD,2020-09-09,2.6090,2.6130,2.5020,2.5280,8509079
QGMD,2020-09-10,2.5200,2.5440,2.4950,2.5310,3131611
QGMD,2020-09-13,2.5500,2.5650,2.4500,2.5550,11121585
QGMD,2020-09-14,2.5990,2.6050,2.5250,2.5700,5163076
QGMD,2020-09-15,2.5690,2.7000,2.5200,2.6850,16688549
QGMD,2020-09-16,2.6850,2.7800,2.6150,2.7030,13276439
QGMD,2020-09-17,2.7390,2.7450,2.6730,2.6880,2593298
QGMD,2020-09-20,2.6860,2.6900,2.6020,2.6150,2917543
QGMD,2020-09-21,2.6150,2.6150,2.3900,2.3900,17560734
QGMD,2020-09-22,2.4000,2.4550,2.1900,2.3900,3655401
QGMD,2020-09-23,2.3900,2.4300,2.2820,2.3010,1676471
QGMD,2020-09-24,2.3000,2.3000,2.0720,2.1450,8873103
QGMD,2020-09-27,2.1700,2.1700,1.9650,2.1010,2617426
QGMD,2020-09-28,2.1470,2.1960,2.0520,2.1790,4284052
QGMD,2020-09-29,2.1930,2.2580,2.1800,2.2000,3973385
QGMD,2020-09-30,2.1990,2.2200,2.0760,2.1610,2239542
QGMD,2020-10-01,2.2000,2.3770,2.1620,2.3770,18252144
QGMD,2020-10-04,2.3920,2.4950,2.3110,2.3760,10076325
QGMD,2020-10-05,2.3850,2.3850,2.2560,2.2690,10457053
QGMD,2020-10-06,2.2900,2.2900,2.2100,2.2360,5512933
QGMD,2020-10-07,2.2580,2.2890,2.2200,2.2550,1791435
QGMD,2020-10-08,2.2750,2.2750,2.2140,2.2570,1702243
QGMD,2020-10-11,2.2300,2.2500,2.2190,2.2280,3961957
QGMD,2020-10-12,2.2210,2.2310,2.2000,2.2120,886649
QGMD,2020-10-13,2.2090,2.2250,2.1900,2.2010,1811510
QGMD,2020-10-14,2.1980,2.1990,2.1530,2.1650,1703365
QGMD,2020-10-15,2.1640,2.1650,2.1360,2.1550,1549935
QGMD,2020-10-18,2.1680,2.1830,2.0000,2.0500,4771216
QGMD,2020-10-19,2.0660,2.1490,2.0050,2.0970,3974132
QGMD,2020-10-20,2.1000,2.1200,2.0400,2.0600,3203491
QGMD,2020-10-21,2.0850,2.0850,2.0340,2.0350,1282864
QGMD,2020-10-22,2.0500,2.0720,1.9900,2.0000,2367016
QGMD,2020-10-25,2.0010,2.0280,1.8000,1.8000,3370139
QGMD,2020-10-26,1.6900,1.8450,1.6200,1.8450,12996276
QGMD,2020-10-27,1.8510,1.8510,1.7040,1.8290,3226228
QGMD,2020-10-28,1.8290,1.8470,1.6600,1.7210,2483943
QGMD,2020-10-29,1.6500,1.6990,1.5500,1.6140,4536300
QGMD,2020-11-01,1.5500,1.5890,1.4530,1.4530,6295981
QGMD,2020-11-02,1.4010,1.5200,1.3240,1.4940,5121051
QGMD,2020-11-03,1.5290,1.5830,1.4510,1.5400,4795084
QGMD,2020-11-04,1.5760,1.6170,1.5400,1.5600,4386039
QGMD,2020-11-05,1.5880,1.6160,1.5410,1.6060,5217615
QGMD,2020-11-08,1.6350,1.7660,1.6350,1.7660,11933624
QGMD,2020-11-09,1.8220,1.9420,1.8180,1.9420,11315311
QGMD,2020-11-10,2.0660,2.1210,1.7480,1.8900,24174810
QGMD,2020-11-11,1.8900,1.9130,1.8200,1.8400,6441611
QGMD,2020-11-12,1.8450,1.8700,1.8000,1.8480,2206827
QGMD,2020-11-15,1.8800,1.9400,1.8430,1.8800,5099014
QGMD,2020-11-16,1.8980,1.8980,1.8560,1.8600,1608816
QGMD,2020-11-17,1.8600,1.8600,1.7800,1.7930,3157394
QGMD,2020-11-18,1.7960,1.8140,1.7140,1.7780,1228393
QGMD,2020-11-19,1.7960,1.7960,1.7200,1.7430,2940200
QGMD,2020-11-22,1.7350,1.7490,1.7010,1.7120,734486
QGMD,2020-11-23,1.7310,1.8450,1.7180,1.8400,6100779
QGMD,2020-11-24,1.8620,1.8770,1.8150,1.8360,4641226
QGMD,2020-11-25,1.8210,1.8550,1.7900,1.8000,4156589
QGMD,2020-11-26,1.8060,1.8130,1.7260,1.7540,1185934
QGMD,2020-11-29,1.7600,1.8170,1.7210,1.7210,1016357
QGMD,2020-11-30,1.7400,1.7760,1.7150,1.7410,1725088
QGMD,2020-12-01,1.7410,1.9150,1.7410,1.9150,20667788
QGMD,2020-12-02,1.9800,2.1060,1.9560,2.0000,50385256
QGMD,2020-12-03,2.0000,2.0780,1.9500,2.0200,13443106
QGMD,2020-12-06,2.0390,2.1800,2.0230,2.1690,22773796
QGMD,2020-12-07,2.2010,2.2800,2.0610,2.1500,18255050
QGMD,2020-12-08,2.1500,2.1700,2.0500,2.1500,10611835
QGMD,2020-12-09,2.1800,2.3100,2.1800,2.2440,24567168
QGMD,2020-12-10,2.2400,2.2700,2.1800,2.1800,7645293
QGMD,2020-12-13,2.2000,2.2080,2.1220,2.1640,2718317
QGMD,2020-12-14,2.1700,2.1790,2.0990,2.1000,3086923
QGMD,2020-12-15,2.0540,2.1200,2.0500,2.0720,3330822
QGMD,2020-12-16,2.0920,2.1700,2.0500,2.1260,9496641
QGMD,2020-12-20,2.1590,2.3000,2.1310,2.2750,18826956
QGMD,2020-12-21,2.3100,2.3100,2.2010,2.2160,16710725
QGMD,2020-12-22,2.2600,2.2800,2.2000,2.2690,11064157
QGMD,2020-12-23,2.2970,2.2980,2.2400,2.2420,6361729
QGMD,2020-12-24,2.2440,2.3100,2.2430,2.2970,12294726
QGMD,2020-12-27,2.2990,2.3380,2.2700,2.2800,5567458
QGMD,2020-12-28,2.2750,2.2980,2.2120,2.2740,1887233
QGMD,2020-12-29,2.2740,2.2880,2.2400,2.2530,832068
QGMD,2020-12-30,2.2210,2.2590,2.2210,2.2400,1294083
QGMD,2020-12-31,2.2560,2.2690,2.2270,2.2370,830204
QGMD,2021-01-03,2.2420,2.2750,2.1850,2.2230,1255277
QGMD,2021-01-04,2.2100,2.2300,2.1710,2.2000,3258432
QGMD,2021-01-05,2.2800,2.2850,2.2110,2.2150,2245906
QGMD,2021-01-06,2.2160,2.2390,2.1830,2.1880,1629581
QGMD,2021-01-07,2.1880,2.2850,2.1100,2.2800,7970010
QGMD,2021-01-10,2.2610,2.3920,2.2610,2.3510,14774710
QGMD,2021-01-11,2.3650,2.3800,2.3160,2.3400,4134015
QGMD,2021-01-12,2.3580,2.4420,2.3450,2.4000,19280094
QGMD,2021-01-13,2.4010,2.4170,2.3340,2.3530,5535031
QGMD,2021-01-14,2.3500,2.3920,2.3060,2.3800,3119203
QGMD,2021-01-17,2.3840,2.3890,2.3500,2.3600,1697298
QGMD,2021-01-18,2.3650,2.5960,2.3650,2.5960,19734218
QGMD,2021-01-19,2.6700,2.8550,2.6700,2.8550,20693094
QGMD,2021-01-20,2.9100,3.1400,2.9000,3.1400,22710302
QGMD,2021-01-21,3.1700,3.4000,3.0000,3.2210,40411448
QGMD,2021-01-24,3.3150,3.3150,3.2020,3.2030,10630253
QGMD,2021-01-25,3.2100,3.3050,3.2050,3.2500,8149243
QGMD,2021-01-26,3.2100,3.2490,3.2020,3.2030,4124913
QGMD,2021-01-27,3.2030,3.2030,3.1150,3.1780,6420561
QGMD,2021-01-28,3.1810,3.2980,3.1050,3.2100,7310672
QGMD,2021-01-31,3.2500,3.2500,3.2200,3.2250,1490474
QGMD,2021-02-01,3.2230,3.2850,3.2230,3.2680,4718725
QGMD,2021-02-02,3.2890,3.2990,3.2450,3.2600,3570942
QGMD,2021-02-03,3.2600,3.2990,3.2600,3.2730,1576598
QGMD,2021-02-04,3.2800,3.3900,2.9470,3.0000,15603906
QGMD,2021-02-07,2.9050,3.0900,2.8920,2.9300,8894366
QGMD,2021-02-08,2.9110,2.9940,2.9110,2.9700,3801038
QGMD,2021-02-10,3.0000,3.2600,2.9260,3.2360,9455164
QGMD,2021-02-11,3.2360,3.2890,3.1820,3.2200,4256999
QGMD,2021-02-14,3.2300,3.2900,3.2200,3.2590,4332702
QGMD,2021-02-15,3.2800,3.2890,3.2300,3.2720,9350312
QGMD,2021-02-16,3.2860,3.3100,3.2550,3.3000,9330048
QGMD,2021-02-17,3.3000,3.3330,3.2500,3.2710,22341570
QGMD,2021-02-18,3.2950,3.2950,3.2700,3.2790,1918681
QGMD,2021-02-21,3.3300,3.4000,3.2000,3.2330,17995704
QGMD,2021-02-22,3.1060,3.2490,2.9100,3.0420,4539771
QGMD,2021-02-23,3.1240,3.1780,2.9350,3.0400,1274104
QGMD,2021-02-24,3.0650,3.0650,2.9580,2.9950,999028
QGMD,2021-02-25,2.9100,3.1650,2.9100,3.0980,5362547
QGMD,2021-02-28,3.0750,3.1380,3.0410,3.0620,2064127
QGMD,2021-03-01,3.0440,3.1400,3.0440,3.0950,2846074
QGMD,2021-03-02,3.1290,3.1290,2.9860,3.0240,3319657
QGMD,2021-03-03,3.0450,3.1590,2.9610,3.0990,7133600
QGMD,2021-03-04,3.1000,3.1300,3.0420,3.0880,1760478
QGMD,2021-03-08,3.0880,3.1000,3.0030,3.0500,1630610
QGMD,2021-03-09,3.0780,3.0780,2.9350,2.9910,2955076
QGMD,2021-03-10,2.9640,3.0590,2.9120,3.0280,1526403
QGMD,2021-03-11,3.0400,3.0400,2.9600,3.0000,1278715
QGMD,2021-03-14,2.9800,3.0000,2.9330,2.9710,660126
QGMD,2021-03-15,2.9620,3.0100,2.9620,2.9900,702560
QGMD,2021-03-16,2.9740,3.0510,2.9400,2.9850,1485006
QGMD,2021-03-17,2.9800,2.9970,2.9510,2.9650,536963
QGMD,2021-03-18,2.9550,2.9890,2.9490,2.9720,1013830
QGMD,2021-03-21,2.9710,2.9710,2.9130,2.9300,930382
QGMD,2021-03-22,2.9300,2.9650,2.8560,2.9000,2103457
QGMD,2021-03-23,2.8780,2.9420,2.8780,2.9000,649636
QGMD,2021-03-24,2.8600,2.9190,2.8580,2.8830,847740
QGMD,2021-03-25,2.8580,3.1430,2.8580,3.0990,10553525
QGMD,2021-03-28,3.0990,3.1410,3.0670,3.0690,5052563
QGMD,2021-03-29,3.0690,3.0980,2.9770,3.0140,3545871
QGMD,2021-03-30,3.0140,3.0140,2.9500,2.9600,2525057
QGMD,2021-03-31,2.9720,2.9850,2.9500,2.9530,2350597
QGMD,2021-04-01,2.9530,2.9890,2.8920,2.9030,5108317
QGMD,2021-04-04,2.7200,2.9490,2.7200,2.8300,10230472
QGMD,2021-04-05,2.8600,2.8770,2.6500,2.8200,3712705
QGMD,2021-04-06,2.8020,2.8480,2.7530,2.7830,1963475
QGMD,2021-04-07,2.7900,2.8400,2.7510,2.7990,1890975
QGMD,2021-04-08,2.7660,2.8340,2.7660,2.8100,2622377
QGMD,2021-04-11,2.8100,2.9150,2.7780,2.8660,6567913
QGMD,2021-04-12,2.8660,2.8900,2.8010,2.8250,3390609
QGMD,2021-04-13,2.8270,2.8480,2.7000,2.7990,2697839
QGMD,2021-04-14,2.7990,2.8700,2.7710,2.8390,2717495
QGMD,2021-04-15,2.8550,2.8880,2.8000,2.8020,2205510
QGMD,2021-04-18,2.8000,2.8500,2.7640,2.7840,810779
QGMD,2021-04-19,2.8250,2.8500,2.7910,2.8500,5031378
QGMD,2021-04-20,2.8610,2.9890,2.8610,2.9470,13107041
QGMD,2021-04-21,2.9800,2.9990,2.9520,2.9790,3249870
QGMD,2021-04-22,2.9830,3.0000,2.9620,3.0000,3981498
QGMD,2021-04-25,3.0140,3.0150,2.9710,2.9710,3297029
QGMD,2021-04-26,2.9700,2.9700,2.9210,2.9350,2859688
QGMD,2021-04-27,2.9350,2.9600,2.8000,2.9160,2176839
QGMD,2021-04-28,2.8830,2.9300,2.8700,2.9120,1171429
QGMD,2021-04-29,2.8820,2.9100,2.8730,2.8900,1404847
QGMD,2021-05-02,2.8610,2.8890,2.8220,2.8540,758590
QGMD,2021-05-03,2.8540,2.8690,2.8230,2.8410,442485
QGMD,2021-05-04,2.8500,2.8680,2.8210,2.8300,572601
QGMD,2021-05-05,2.8280,2.8400,2.7600,2.8100,440840
QGMD,2021-05-06,2.8470,2.8470,2.7660,2.8200,853862
QGMD,2021-05-09,2.8350,2.8450,2.7840,2.7980,586176
QGMD,2021-05-10,2.7820,2.8900,2.7820,2.8200,2252329
QGMD,2021-05-11,2.8120,2.8500,2.8000,2.8030,2144871
QGMD,2021-05-17,2.8420,2.8420,2.7750,2.7810,1222926
QGMD,2021-05-18,2.7900,2.8240,2.7670,2.7800,1812106
QGMD,2021-05-19,2.7710,2.7970,2.7670,2.7680,440797
QGMD,2021-05-20,2.7900,2.7900,2.7470,2.7680,469360
QGMD,2021-05-23,2.7300,2.7850,2.7160,2.7740,959016
QGMD,2021-05-24,2.7330,2.7720,2.6880,2.7220,2483786
QGMD,2021-05-25,2.7000,2.7570,2.6550,2.6930,782599
QGMD,2021-05-26,2.6900,2.7090,2.6570,2.7050,775328
QGMD,2021-05-27,2.7250,2.8480,2.6650,2.7900,6004997
QGMD,2021-05-30,2.8200,2.8330,2.7800,2.7990,1206577
QGMD,2021-05-31,2.7680,2.8000,2.7600,2.7700,655032
QGMD,2021-06-01,2.7400,2.7860,2.7250,2.7260,2732633
QGMD,2021-06-02,2.7180,2.7650,2.7180,2.7260,776807
QGMD,2021-06-03,2.7140,2.7540,2.7000,2.7170,1516969
QGMD,2021-06-06,2.7000,2.7220,2.6710,2.7130,1631988
QGMD,2021-06-07,2.6800,2.7330,2.6790,2.6980,1562105
QGMD,2021-06-08,2.6990,2.6990,2.6280,2.6500,2667401
QGMD,2021-06-09,2.6700,2.6750,2.6120,2.6470,392601
QGMD,2021-06-10,2.6230,2.6470,2.6210,2.6310,659282
QGMD,2021-06-13,2.6890,2.6890,2.6150,2.6810,1636905
QGMD,2021-06-14,2.6970,2.7190,2.6400,2.6490,2118366
QGMD,2021-06-15,2.6490,2.6660,2.6210,2.6340,493739
QGMD,2021-06-16,2.6500,2.6620,2.6110,2.6200,1548445
QGMD,2021-06-17,2.6100,2.6480,2.5910,2.6200,1736718
QGMD,2021-06-20,2.6440,2.6600,2.6210,2.6270,1908079
QGMD,2021-06-21,2.6270,2.6440,2.3720,2.5890,2470197
QGMD,2021-06-22,2.5620,2.6050,2.5600,2.5800,855911
QGMD,2021-06-23,2.5510,2.5780,2.5220,2.5300,838456
QGMD,2021-06-24,2.5210,2.5490,2.4800,2.4800,622861
QGMD,2021-06-27,2.4810,2.5240,2.4000,2.4010,1709844
QGMD,2021-06-28,2.4030,2.4050,2.3150,2.3150,2598626
QGMD,2021-06-29,2.3650,2.5460,2.2200,2.5460,10511667
QGMD,2021-06-30,2.5970,2.7980,2.5120,2.7420,13336494
QGMD,2021-07-01,2.7620,2.7940,2.6800,2.7390,4872193
QGMD,2021-07-04,2.7740,2.8480,2.7200,2.8360,4868864
QGMD,2021-07-05,2.9000,2.9350,2.8370,2.8690,4336932
QGMD,2021-07-06,2.8720,2.9400,2.8720,2.9130,6557725
QGMD,2021-07-07,2.9020,2.9200,2.8880,2.8880,6265995
QGMD,2021-07-08,2.8750,2.8910,2.8030,2.8300,2298641
QGMD,2021-07-11,2.8280,2.8280,2.7500,2.7680,1111286
QGMD,2021-07-12,2.7550,2.8140,2.7200,2.7390,1025010
QGMD,2021-07-13,2.7390,2.7500,2.7000,2.7000,2053627
QGMD,2021-07-14,2.7480,2.7480,2.6700,2.6770,2165873
QGMD,2021-07-15,2.6770,2.8350,2.6300,2.7500,4289609
QGMD,2021-07-25,2.7260,2.8740,2.7260,2.8300,3971161
QGMD,2021-07-26,2.8590,2.8590,2.8000,2.8000,1463809
QGMD,2021-07-27,2.7400,2.8550,2.7370,2.7600,1197170
QGMD,2021-07-28,2.7770,2.7770,2.7110,2.7400,443026
QGMD,2021-07-29,2.7200,2.7900,2.7000,2.7150,468480
QGMD,2021-08-01,2.7470,2.7780,2.6300,2.7530,1159409
QGMD,2021-08-02,2.7120,2.8500,2.6680,2.8270,4252499
QGMD,2021-08-03,2.8410,2.9650,2.8400,2.9300,6645240
QGMD,2021-08-04,2.9630,3.0190,2.9500,2.9730,7202146
QGMD,2021-08-05,2.9740,3.0440,2.9730,3.0190,9473537
QGMD,2021-08-08,3.0190,3.0250,2.9850,3.0190,4992425
QGMD,2021-08-09,3.0370,3.0400,2.9830,3.0190,5862292
QGMD,2021-08-10,3.0450,3.0450,2.9900,2.9990,814509
QGMD,2021-08-11,2.9570,2.9990,2.8500,2.9000,2207401
QGMD,2021-08-12,2.9290,2.9290,2.8000,2.8240,1598117
QGMD,2021-08-15,2.8260,2.8480,2.7810,2.7990,2035475
QGMD,2021-08-16,2.7990,2.8300,2.7110,2.7680,1016441
QGMD,2021-08-17,2.7570,2.8200,2.7300,2.7790,4254469
QGMD,2021-08-18,2.8050,2.8320,2.7580,2.8070,1788739
QGMD,2021-08-19,2.8070,2.8250,2.7660,2.7760,397164
QGMD,2021-08-22,2.7720,2.7980,2.7310,2.7600,484691
QGMD,2021-08-23,2.7860,2.7860,2.7300,2.7310,1751811
QGMD,2021-08-24,2.7230,2.7800,2.7120,2.7600,1551457
QGMD,2021-08-25,2.7790,2.9570,2.7520,2.8920,8171206
QGMD,2021-08-26,2.8800,2.9210,2.8400,2.8580,3011938
QGMD,2021-08-29,2.8130,2.8950,2.8100,2.8500,2621374
QGMD,2021-08-30,2.8550,2.9900,2.8550,2.9600,7686628
QGMD,2021-08-31,2.9610,3.0880,2.9610,3.0450,8085883
QGMD,2021-09-01,3.0450,3.0590,3.0020,3.0070,3624199
QGMD,2021-09-02,3.0200,3.0580,2.9620,2.9620,5668716
QGMD,2021-09-05,2.9620,2.9900,2.9510,2.9810,1113144
QGMD,2021-09-06,2.9810,3.0700,2.9600,3.0610,6020148
QGMD,2021-09-07,3.0350,3.0900,3.0350,3.0590,5763885
QGMD,2021-09-08,3.0590,3.0590,2.9710,2.9890,3682267
QGMD,2021-09-09,2.9770,3.0170,2.9410,2.9630,2978959
QGMD,2021-09-12,2.9620,2.9620,2.9200,2.9600,4197621
QGMD,2021-09-13,2.9600,3.0150,2.9300,3.0130,4923838
QGMD,2021-09-14,3.0120,3.0250,3.0000,3.0130,4309616
QGMD,2021-09-15,3.0490,3.0640,3.0110,3.0110,4271502
QGMD,2021-09-16,3.0050,3.0430,3.0040,3.0270,1480401
QGMD,2021-09-19,3.0400,3.0400,2.9770,3.0000,2341750
QGMD,2021-09-20,3.0000,3.0170,2.9990,3.0010,798173
QGMD,2021-09-21,3.0000,3.0280,3.0000,3.0000,328979
QGMD,2021-09-22,3.0440,3.0440,2.9800,3.0100,911892
QGMD,2021-09-23,2.9920,3.1000,2.9900,3.1000,4631429
QGMD,2021-09-26,3.1100,3.1480,3.0900,3.1000,4738798
QGMD,2021-09-27,3.0750,3.1000,3.0450,3.0500,2598366
QGMD,2021-09-28,3.0770,3.1250,3.0560,3.1110,3664556
QGMD,2021-09-29,3.1420,3.1420,3.0940,3.0940,1971465
QGMD,2021-09-30,3.0970,3.1750,3.0750,3.1480,2575998
QGMD,2021-10-03,3.1200,3.1740,3.1200,3.1590,1135168
QGMD,2021-10-04,3.1640,3.2400,3.1270,3.2100,4549750
QGMD,2021-10-05,3.2000,3.2580,3.1900,3.2560,2282685
QGMD,2021-10-06,3.2640,3.2980,3.2500,3.2670,4291957
QGMD,2021-10-07,3.2350,3.3750,3.2350,3.3490,6546783
QGMD,2021-10-10,3.3600,3.4300,3.3500,3.3950,4054846
QGMD,2021-10-11,3.3950,3.4300,3.3640,3.4210,4007580
QGMD,2021-10-12,3.4500,3.7630,3.4500,3.7630,13243970
QGMD,2021-10-13,3.9000,4.1280,3.8300,3.8300,20393240
QGMD,2021-10-14,3.8520,3.9390,3.7070,3.7130,4453683
QGMD,2021-10-17,3.7240,3.9490,3.7240,3.7710,4520089
QGMD,2021-10-18,3.7200,3.7820,3.5550,3.5920,5159627
QGMD,2021-10-19,3.5920,3.6110,3.5150,3.5560,3506272
QGMD,2021-10-20,3.5320,3.5940,3.4420,3.4800,3652155
QGMD,2021-10-21,3.5000,3.5700,3.4540,3.4970,4227618
QGMD,2021-10-24,3.5380,3.5400,3.4560,3.4600,1759912
QGMD,2021-10-25,3.4360,3.4800,3.3810,3.4100,3658482
QGMD,2021-10-26,3.4700,3.4700,3.3250,3.3250,915239
QGMD,2021-10-27,3.2360,3.3690,3.2270,3.3290,2583462
QGMD,2021-10-28,3.3130,3.4690,3.3010,3.3460,2268619
QGMD,2021-10-31,3.3440,3.3700,3.2800,3.3090,2432625
QGMD,2021-11-01,3.2780,3.3630,3.2780,3.3100,1368226
QGMD,2021-11-02,3.3020,3.3490,3.2910,3.3140,1402535
QGMD,2021-11-03,3.3020,3.3730,3.3000,3.3110,2091597
QGMD,2021-11-04,3.3110,3.3470,3.3100,3.3200,485827
QGMD,2021-11-07,3.3200,3.3450,3.3010,3.3180,1199140
QGMD,2021-11-08,3.3020,3.3090,3.2320,3.2320,1159582
QGMD,2021-11-09,3.1740,3.2480,3.1730,3.2400,539579
QGMD,2021-11-10,3.2310,3.2710,3.2110,3.2400,296007
QGMD,2021-11-11,3.2360,3.2580,3.2350,3.2580,390822
QGMD,2021-11-14,3.2580,3.2580,3.2030,3.2130,654311
QGMD,2021-11-15,3.1880,3.5340,3.1880,3.4510,9991123
QGMD,2021-11-16,3.4040,3.4500,3.3560,3.4000,5762799
QGMD,2021-11-17,3.3990,3.4480,3.3210,3.3210,2631109
QGMD,2021-11-18,3.3220,3.3590,3.2820,3.3150,1417717
QGMD,2021-11-21,3.3010,3.3220,3.2470,3.2690,1131715
QGMD,2021-11-22,3.2160,3.2750,3.2160,3.2500,1180053
QGMD,2021-11-23,3.2150,3.3310,3.2150,3.2640,3381142
QGMD,2021-11-24,3.2550,3.3000,3.2300,3.2380,2133762
QGMD,2021-11-25,3.2400,3.2880,3.2060,3.2400,2337518
QGMD,2021-11-28,3.1850,3.2490,3.1510,3.2000,3733430
QGMD,2021-11-29,3.2110,3.2460,3.1880,3.2190,1997238
QGMD,2021-11-30,3.2000,3.2010,3.1610,3.1990,582771
QGMD,2021-12-01,3.1710,3.2750,3.1710,3.2320,2291931
QGMD,2021-12-02,3.2450,3.2500,3.1800,3.1900,1416205
QGMD,2021-12-05,3.1760,3.1900,3.1750,3.1800,616285
QGMD,2021-12-06,3.1720,3.3200,3.1720,3.2800,4841897
QGMD,2021-12-07,3.2840,3.3480,3.2840,3.3030,3007755
QGMD,2021-12-08,3.3140,3.3290,3.2960,3.3100,1135195
QGMD,2021-12-09,3.3380,3.3380,3.3000,3.3050,840960
QGMD,2021-12-12,3.3030,3.3300,3.2410,3.2880,841784
QGMD,2021-12-13,3.2710,3.3290,3.2710,3.2900,617053
QGMD,2021-12-14,3.2930,3.4880,3.2930,3.4000,6101276
QGMD,2021-12-15,3.3710,3.4410,3.3710,3.4060,1018275
QGMD,2021-12-16,3.4120,3.4770,3.4120,3.4440,4152865
QGMD,2021-12-20,3.4380,3.4440,3.3700,3.3950,2473550
QGMD,2021-12-21,3.3940,3.4150,3.3350,3.3550,1340188
QGMD,2021-12-22,3.3350,3.3540,3.3250,3.3440,812531
QGMD,2021-12-23,3.3300,3.3420,3.2410,3.2500,1045191
QGMD,2021-12-26,3.2590,3.2590,3.1950,3.1950,957652
QGMD,2021-12-27,3.1830,3.2350,3.1820,3.2000,1372523
QGMD,2021-12-28,3.2000,3.2000,3.1850,3.2000,656913
QGMD,2021-12-29,3.1900,3.2220,3.1610,3.2100,1014194
QGMD,2021-12-30,3.1990,3.1990,3.1800,3.1800,2358156
QGMD,2022-01-02,3.1330,3.1780,3.1150,3.1150,1686470
QGMD,2022-01-03,3.1150,3.1420,3.0570,3.0650,695250
QGMD,2022-01-04,3.0650,3.0940,3.0030,3.0840,1085514
QGMD,2022-01-05,3.0490,3.1370,3.0260,3.1010,1742230
QGMD,2022-01-06,3.1480,3.2640,3.1050,3.2020,5783312
QGMD,2022-01-09,3.2230,3.2610,3.2000,3.2270,1447324
QGMD,2022-01-10,3.2070,3.2580,3.2060,3.2270,958980
QGMD,2022-01-11,3.2170,3.2520,3.2100,3.2260,800746
QGMD,2022-01-12,3.2260,3.2450,3.2060,3.2300,1304643
QGMD,2022-01-13,3.2120,3.2400,3.2100,3.2100,765256
QGMD,2022-01-16,3.2380,3.2380,3.2140,3.2330,1569670
QGMD,2022-01-17,3.2340,3.3550,3.2100,3.3490,2235981
QGMD,2022-01-18,3.3480,3.3650,3.2800,3.2990,1481219
QGMD,2022-01-19,3.2990,3.3080,3.2550,3.2550,1091082
QGMD,2022-01-20,3.2730,3.2730,3.2280,3.2290,684561
QGMD,2022-01-23,3.2250,3.2250,3.1700,3.1710,3146584
QGMD,2022-01-24,3.1570,3.1810,2.9710,3.0000,7515557
QGMD,2022-01-25,2.9490,2.9890,2.8360,2.8360,9861146
QGMD,2022-01-26,2.8800,2.9300,2.5530,2.6490,32691164
QGMD,2022-01-27,2.6510,2.8280,2.6490,2.8280,12364451
QGMD,2022-01-30,2.8490,2.8490,2.8000,2.8060,6135003
QGMD,2022-01-31,2.8290,2.8600,2.7130,2.7790,9938332
QGMD,2022-02-01,2.7790,2.8060,2.7300,2.7330,4241584
QGMD,2022-02-02,2.7690,2.7690,2.6850,2.7000,3542436
QGMD,2022-02-03,2.7540,2.7540,2.6500,2.6610,2026928
QGMD,2022-02-06,2.6620,2.7980,2.6310,2.7480,6057778
QGMD,2022-02-07,2.7770,2.7780,2.6850,2.7080,7834386
QGMD,2022-02-09,2.7000,2.7460,2.6730,2.6880,1987323
QGMD,2022-02-10,2.6880,2.7190,2.6750,2.7000,2017067
QGMD,2022-02-13,2.7000,2.7100,2.6490,2.6540,1084900
QGMD,2022-02-14,2.6600,2.7290,2.6140,2.6710,2530482
QGMD,2022-02-15,2.6750,2.6980,2.6500,2.6540,1247667
QGMD,2022-02-16,2.6540,2.7160,2.6500,2.6990,3616854
QGMD,2022-02-17,2.7180,2.7180,2.6700,2.6700,2135917
QGMD,2022-02-20,2.6600,2.6990,2.6210,2.6300,2229491
QGMD,2022-02-21,2.6200,2.6480,2.5550,2.6210,2499329
QGMD,2022-02-22,2.6010,2.6990,2.5920,2.6000,2866114
QGMD,2022-02-23,2.6410,2.6740,2.5830,2.6470,2406636
QGMD,2022-02-24,2.6060,2.6060,2.5030,2.5550,1567200
QGMD,2022-02-27,2.5140,2.6350,2.5140,2.5740,2335390
QGMD,2022-02-28,2.6230,2.6440,2.5750,2.6050,3854839
QGMD,2022-03-01,2.6280,2.6290,2.6000,2.6110,1627880
QGMD,2022-03-02,2.6350,2.6350,2.5900,2.6030,1725619
QGMD,2022-03-03,2.5750,2.5990,2.5440,2.5550,1497300
QGMD,2022-03-07,2.5550,2.6020,2.5100,2.5400,1350380
QGMD,2022-03-08,2.5500,2.5800,2.4660,2.4880,1570502
QGMD,2022-03-09,2.5100,2.6790,2.4010,2.6030,6888003
QGMD,2022-03-10,2.6190,2.6190,2.3430,2.5740,3640029
QGMD,2022-03-13,2.5740,2.5840,2.5250,2.5550,1693309
QGMD,2022-03-14,2.5700,2.5700,2.5040,2.5470,1034374
QGMD,2022-03-15,2.5110,2.5600,2.4800,2.5080,325080
QGMD,2022-03-16,2.5590,2.5590,2.4530,2.5270,2458001
QGMD,2022-03-17,2.5400,2.5400,2.4330,2.4600,1956505
QGMD,2022-03-20,2.4650,2.4650,2.3900,2.4060,3646747
QGMD,2022-03-21,2.4290,2.4520,2.3800,2.4130,2180685
QGMD,2022-03-22,2.3710,2.4450,2.3640,2.4320,3767003
QGMD,2022-03-23,2.4440,2.4440,2.4000,2.4120,1637859
QGMD,2022-03-24,2.4250,2.4250,2.3820,2.4150,2492401
QGMD,2022-03-27,2.4000,2.5690,2.3810,2.5280,9428207
QGMD,2022-03-28,2.5340,2.5710,2.4780,2.4820,3771137
QGMD,2022-03-29,2.4750,2.5180,2.4400,2.4500,2895848
QGMD,2022-03-30,2.4670,2.5170,2.4020,2.4410,3708297
QGMD,2022-03-31,2.4410,2.4750,2.4250,2.4280,799294
QGMD,2022-04-03,2.5090,2.5090,2.4000,2.4050,1364564
QGMD,2022-04-04,2.4060,2.4640,2.3820,2.4010,2812781
QGMD,2022-04-05,2.4020,2.4370,2.3950,2.4090,2039590
QGMD,2022-04-06,2.4030,2.4450,2.4030,2.4090,1663124
QGMD,2022-04-07,2.4110,2.4310,2.4000,2.4080,3086765
QGMD,2022-04-10,2.4100,2.4310,2.3800,2.3940,2984376
QGMD,2022-04-11,2.3940,2.4000,2.3650,2.3760,2710497
QGMD,2022-04-12,2.3750,2.3880,2.3450,2.3450,1473264
QGMD,2022-04-13,2.3310,2.3970,2.3300,2.3410,1489715
QGMD,2022-04-14,2.3410,2.4300,2.3270,2.4100,8963060
QGMD,2022-04-17,2.4340,2.4340,2.3770,2.3990,1474330
QGMD,2022-04-18,2.3620,2.3960,2.3580,2.3700,1509282
QGMD,2022-04-19,2.3850,2.3850,2.2900,2.2930,1251644
QGMD,2022-04-20,2.3190,2.3190,2.2430,2.2950,1062030
QGMD,2022-04-21,2.3190,2.3190,2.2500,2.3130,1047945
QGMD,2022-04-24,2.2900,2.3310,2.2590,2.2950,1023178
QGMD,2022-04-25,2.3100,2.3100,2.2200,2.2200,3716020
QGMD,2022-04-26,2.2220,2.2630,2.1810,2.2110,2017871
QGMD,2022-04-27,2.2090,2.2090,2.1100,2.1100,2597994
QGMD,2022-04-28,2.1110,2.2810,2.1110,2.2000,3070552
QGMD,2022-05-08,2.2740,2.2740,2.1520,2.1700,1093930
QGMD,2022-05-09,2.1630,2.1790,2.0900,2.1020,2439948
QGMD,2022-05-10,2.1020,2.1200,2.0250,2.0640,3254551
QGMD,2022-05-11,2.0400,2.0500,1.9600,2.0300,2059540
QGMD,2022-05-12,2.0300,2.2000,2.0300,2.0900,6708544
QGMD,2022-05-15,2.0900,2.1270,1.9770,2.0270,1752146
QGMD,2022-05-16,1.9900,2.0380,1.9780,2.0000,1567584
QGMD,2022-05-17,2.0210,2.1580,2.0030,2.0160,1999007
QGMD,2022-05-18,2.0170,2.0590,2.0000,2.0330,2241611
QGMD,2022-05-19,2.0000,2.0240,1.9930,1.9930,2580146
QGMD,2022-05-22,1.9950,2.0280,1.9750,2.0090,1379585
QGMD,2022-05-23,2.0000,2.0240,1.9760,1.9860,1172312
QGMD,2022-05-24,1.9860,2.0160,1.9800,1.9800,1369002
QGMD,2022-05-25,1.9800,2.0000,1.9640,1.9700,1589223
QGMD,2022-05-26,1.9720,1.9850,1.9500,1.9630,421736
QGMD,2022-05-29,1.9630,1.9850,1.9510,1.9680,1149059
QGMD,2022-05-30,1.9690,1.9700,1.9450,1.9500,1196501
QGMD,2022-05-31,1.9680,1.9700,1.9440,1.9500,932698
QGMD,2022-06-01,1.9420,2.1450,1.9410,2.1450,12063949
QGMD,2022-06-02,2.1780,2.3240,2.1500,2.1680,19840624
QGMD,2022-06-05,2.1660,2.2370,2.1190,2.1650,4034367
QGMD,2022-06-06,2.1830,2.1830,2.1000,2.1160,2796983
QGMD,2022-06-07,2.1030,2.1160,2.0330,2.0360,3803477
QGMD,2022-06-08,2.0320,2.1370,2.0100,2.0960,5873254
QGMD,2022-06-09,2.0850,2.1390,2.0850,2.0920,1883308
QGMD,2022-06-12,2.0810,2.1350,2.0200,2.0560,6297356
QGMD,2022-06-13,2.0430,2.0830,2.0100,2.0100,2258645
QGMD,2022-06-14,2.0050,2.0150,1.9800,1.9800,1757730
QGMD,2022-06-15,2.0100,2.0100,1.9510,1.9660,1161860
QGMD,2022-06-16,1.9530,1.9850,1.9400,1.9450,2146511
QGMD,2022-06-19,1.9450,1.9500,1.7560,1.7680,4052467
QGMD,2022-06-20,1.7510,1.8300,1.6730,1.7190,4022506
QGMD,2022-06-21,1.6910,1.7490,1.6910,1.7000,2399883
QGMD,2022-06-22,1.6940,1.7010,1.5300,1.5300,5294235
QGMD,2022-06-23,1.5330,1.5990,1.3820,1.4680,6558595
QGMD,2022-06-26,1.5230,1.6130,1.4810,1.5790,7893927
QGMD,2022-06-27,1.5810,1.6000,1.5300,1.5330,3730095
QGMD,2022-06-28,1.5580,1.5600,1.5010,1.5240,4239832
QGMD,2022-06-29,1.5050,1.6500,1.5050,1.6110,13126835
QGMD,2022-06-30,1.6290,1.6450,1.5850,1.5860,5669072
QGMD,2022-07-03,1.5870,1.6120,1.5750,1.5750,1322571
QGMD,2022-07-04,1.5720,1.5830,1.5330,1.5580,1339699
QGMD,2022-07-05,1.5310,1.5690,1.4950,1.5000,3345049
QGMD,2022-07-06,1.5640,1.5640,1.4000,1.4350,4408699
QGMD,2022-07-07,1.4360,1.4770,1.4010,1.4400,4038034
QGMD,2022-07-13,1.4400,1.4400,1.4000,1.4100,1718642
QGMD,2022-07-14,1.4010,1.4260,1.3500,1.3730,3804803
QGMD,2022-07-17,1.4000,1.4250,1.3750,1.4100,2114953
QGMD,2022-07-18,1.4100,1.4450,1.3940,1.4150,4337161
QGMD,2022-07-19,1.4190,1.4480,1.3950,1.3960,4215576
QGMD,2022-07-20,1.4050,1.4860,1.4050,1.4580,5775758
QGMD,2022-07-21,1.4590,1.4890,1.4260,1.4260,3934068
QGMD,2022-07-24,1.4490,1.5350,1.4300,1.4800,8398553
QGMD,2022-07-25,1.4890,1.4950,1.4560,1.4700,2703327
QGMD,2022-07-26,1.4700,1.5250,1.4700,1.4850,3336307
QGMD,2022-07-27,1.4800,1.4950,1.4660,1.4700,1852961
QGMD,2022-07-28,1.4710,1.5300,1.4660,1.5080,3444210
QGMD,2022-07-31,1.5280,1.5440,1.5020,1.5100,1664741
QGMD,2022-08-01,1.5110,1.5750,1.5100,1.5450,6122157
QGMD,2022-08-02,1.5490,1.6990,1.5250,1.6990,18197000
QGMD,2022-08-03,1.7360,1.8450,1.7200,1.7990,18628424
QGMD,2022-08-04,1.8350,1.8580,1.7070,1.7620,4867791
QGMD,2022-08-07,1.7970,1.7970,1.7540,1.7650,1420318
QGMD,2022-08-08,1.7640,1.9160,1.7500,1.8700,18772854
QGMD,2022-08-09,1.8700,1.9470,1.8420,1.9210,9343604
QGMD,2022-08-10,1.9330,1.9350,1.8400,1.8800,7003963
QGMD,2022-08-11,1.8550,1.8780,1.7780,1.8000,14432891
QGMD,2022-08-14,1.8000,1.8000,1.7500,1.7700,3583950
QGMD,2022-08-15,1.7600,1.7690,1.7100,1.7260,1970451
QGMD,2022-08-16,1.7300,1.8150,1.7290,1.7620,2524418
QGMD,2022-08-17,1.7650,1.8050,1.7610,1.7780,2676674
QGMD,2022-08-18,1.7750,1.7750,1.7230,1.7540,2347825
QGMD,2022-08-21,1.7540,1.7850,1.7410,1.7550,1811031
QGMD,2022-08-22,1.7550,1.8990,1.7200,1.8520,18788588
QGMD,2022-08-23,1.8390,1.8700,1.8000,1.8150,4645617
QGMD,2022-08-24,1.8320,1.8770,1.8060,1.8680,11178610
QGMD,2022-08-25,1.9000,1.9260,1.8800,1.9120,8925317
QGMD,2022-08-28,1.8800,1.9110,1.8520,1.9100,4805656
QGMD,2022-08-29,1.9630,2.1010,1.9630,2.1010,26488932
QGMD,2022-08-30,2.1250,2.1490,2.0700,2.0960,19056644
QGMD,2022-08-31,2.0830,2.1030,2.0480,2.0600,3419706
QGMD,2022-09-01,2.0450,2.0680,2.0360,2.0400,4929268
QGMD,2022-09-04,2.0360,2.1410,1.9900,2.1210,13802537
QGMD,2022-09-05,2.1350,2.1400,2.1050,2.1320,5801442
QGMD,2022-09-06,2.1450,2.1980,2.1160,2.1800,8816022
QGMD,2022-09-07,2.1620,2.1920,2.0210,2.0500,7438455
QGMD,2022-09-08,2.0970,2.0970,2.0200,2.0500,3798623
QGMD,2022-09-11,2.0770,2.0800,2.0310,2.0330,2193743
QGMD,2022-09-12,2.0330,2.1610,1.9980,2.1500,20216556
QGMD,2022-09-13,2.1810,2.1840,2.1300,2.1370,4310542
QGMD,2022-09-14,2.0800,2.0800,2.0200,2.0650,2364142
QGMD,2022-09-15,2.0840,2.1060,2.0660,2.0880,2142384
QGMD,2022-09-18,2.0800,2.0800,2.0230,2.0300,2358667
QGMD,2022-09-19,2.0280,2.0280,1.9110,1.9230,6857476
QGMD,2022-09-20,1.9400,1.9810,1.9350,1.9350,5801758
QGMD,2022-09-21,1.9130,1.9320,1.8870,1.8920,5185914
QGMD,2022-09-22,1.8870,1.9180,1.8320,1.9100,5642508
QGMD,2022-09-25,1.8850,1.8850,1.8160,1.8300,4246474
QGMD,2022-09-26,1.8200,1.8700,1.8060,1.8250,1686142
QGMD,2022-09-27,1.8250,1.9200,1.8130,1.8500,2976872
QGMD,2022-09-28,1.8560,1.8990,1.8560,1.8790,2902777
QGMD,2022-09-29,1.8990,1.9370,1.8460,1.8550,6610945
QGMD,2022-10-02,1.8550,1.8700,1.8220,1.8580,2435124
QGMD,2022-10-03,1.8580,1.9290,1.8580,1.8850,4783860
QGMD,2022-10-04,1.9400,1.9400,1.9000,1.9230,4475480
QGMD,2022-10-05,1.9600,1.9900,1.9240,1.9240,5259366
QGMD,2022-10-06,1.9230,1.9490,1.9080,1.9080,1960549
QGMD,2022-10-09,1.9000,1.9090,1.8780,1.8810,2373842
QGMD,2022-10-10,1.8800,1.9140,1.8730,1.9090,1768091
QGMD,2022-10-11,1.9100,1.9270,1.8740,1.8830,1223183
QGMD,2022-10-12,1.8830,1.8920,1.8450,1.8500,5682945
QGMD,2022-10-13,1.8500,1.8800,1.8210,1.8540,6244937
QGMD,2022-10-16,1.8650,1.8650,1.8300,1.8300,876662
QGMD,2022-10-17,1.8250,1.8610,1.8200,1.8470,1283223
QGMD,2022-10-18,1.8580,1.8670,1.8260,1.8340,1774530
QGMD,2022-10-19,1.8340,1.8340,1.7930,1.7930,3634893
QGMD,2022-10-20,1.7900,1.8000,1.7580,1.7790,1728202
QGMD,2022-10-23,1.7620,1.7940,1.6810,1.6810,7200541
QGMD,2022-10-24,1.6780,1.6780,1.6300,1.6640,4308143
QGMD,2022-10-25,1.6500,1.6750,1.5610,1.5640,4253430
QGMD,2022-10-26,1.5640,1.5950,1.5050,1.5270,1450114
QGMD,2022-10-27,1.5260,1.5650,1.4960,1.5220,3191523
QGMD,2022-10-30,1.5560,1.5580,1.5000,1.5150,2915124
QGMD,2022-10-31,1.5130,1.5130,1.4660,1.4850,3713879
QGMD,2022-11-01,1.4870,1.5400,1.4850,1.5020,9150755
QGMD,2022-11-02,1.5190,1.5190,1.4570,1.4570,2176756
QGMD,2022-11-03,1.4500,1.4770,1.4000,1.4750,4677836
QGMD,2022-11-06,1.5000,1.5170,1.4610,1.4880,3146401
QGMD,2022-11-07,1.4730,1.4780,1.4510,1.4740,3698856
QGMD,2022-11-08,1.4740,1.5050,1.4530,1.4850,6316865
QGMD,2022-11-09,1.4890,1.5040,1.4500,1.4570,4382753
QGMD,2022-11-10,1.4570,1.4570,1.4200,1.4250,4427000
QGMD,2022-11-13,1.4380,1.4680,1.4270,1.4380,3433595
QGMD,2022-11-14,1.4320,1.4500,1.4250,1.4300,2186331
QGMD,2022-11-15,1.4300,1.4310,1.4000,1.4000,2305047
QGMD,2022-11-16,1.4010,1.4050,1.3570,1.3660,3172128
QGMD,2022-11-17,1.3660,1.3660,1.3080,1.3190,4168162
QGMD,2022-11-20,1.3160,1.3330,1.2940,1.3020,2903785
QGMD,2022-11-21,1.3050,1.3050,1.2550,1.2650,3906675
QGMD,2022-11-22,1.2610,1.2700,1.2000,1.2380,3798548
QGMD,2022-11-23,1.2400,1.3290,1.2260,1.2700,6964862
QGMD,2022-11-24,1.2610,1.3000,1.2580,1.2740,3679334
QGMD,2022-11-27,1.2590,1.2950,1.2590,1.2700,3816267
QGMD,2022-11-28,1.2700,1.2740,1.2270,1.2600,3003037
QGMD,2022-11-29,1.2500,1.2850,1.2500,1.2850,3528480
QGMD,2022-11-30,1.2880,1.4130,1.2880,1.4100,14952429
QGMD,2022-12-01,1.4220,1.4390,1.3900,1.3950,8799249
QGMD,2022-12-04,1.3790,1.4600,1.3790,1.4250,5844102
QGMD,2022-12-05,1.4300,1.4600,1.4000,1.4150,3667404
QGMD,2022-12-06,1.3980,1.4150,1.3810,1.3850,2426940
QGMD,2022-12-07,1.3730,1.3850,1.3620,1.3620,1937930
QGMD,2022-12-08,1.3950,1.3950,1.3600,1.3610,1298923
QGMD,2022-12-11,1.3610,1.3630,1.3290,1.3320,1940519
QGMD,2022-12-12,1.3270,1.3440,1.2910,1.2930,2606243
QGMD,2022-12-13,1.2910,1.3100,1.2750,1.2970,2799148
QGMD,2022-12-14,1.2840,1.3210,1.2700,1.2800,2154110
QGMD,2022-12-15,1.2620,1.2760,1.2400,1.2500,2945424
QGMD,2022-12-19,1.2870,1.2870,1.2270,1.2410,1066564
QGMD,2022-12-20,1.2410,1.2410,1.2190,1.2260,2830135
QGMD,2022-12-21,1.2260,1.2550,1.2230,1.2550,2990123
QGMD,2022-12-22,1.2600,1.3070,1.2590,1.3000,3743103
QGMD,2022-12-25,1.3010,1.4000,1.2730,1.3670,6012286
QGMD,2022-12-26,1.3690,1.3920,1.3010,1.3010,1700427
QGMD,2022-12-27,1.3010,1.3150,1.2820,1.3100,1571155
QGMD,2022-12-28,1.2720,1.3180,1.2720,1.2930,663682
QGMD,2022-12-29,1.2850,1.3130,1.2570,1.2570,2118116
QGMD,2023-01-02,1.2520,1.2800,1.2320,1.2760,2764322
QGMD,2023-01-03,1.2820,1.3280,1.2780,1.2880,6447991
QGMD,2023-01-04,1.3040,1.3120,1.2660,1.2660,7264379
QGMD,2023-01-05,1.2700,1.3040,1.2510,1.2900,5038973
QGMD,2023-01-08,1.3210,1.3400,1.2940,1.3250,4914191
QGMD,2023-01-09,1.3260,1.3500,1.3130,1.3180,3503588
QGMD,2023-01-10,1.3210,1.4440,1.3210,1.4300,20978672
QGMD,2023-01-11,1.4300,1.4560,1.4010,1.4080,3926730
QGMD,2023-01-12,1.3820,1.4100,1.3570,1.3780,1642178
QGMD,2023-01-15,1.3770,1.3770,1.3100,1.3100,2120217
QGMD,2023-01-16,1.3620,1.3620,1.2710,1.2790,3636947
QGMD,2023-01-17,1.2670,1.2970,1.2450,1.2500,2933772
QGMD,2023-01-18,1.2510,1.2880,1.2450,1.2530,1646759
QGMD,2023-01-19,1.2530,1.2760,1.2310,1.2570,2150051
QGMD,2023-01-22,1.2620,1.2780,1.2450,1.2520,5526734
QGMD,2023-01-23,1.2540,1.3100,1.2270,1.3050,9997285
QGMD,2023-01-24,1.3060,1.3280,1.2900,1.2980,5796466
QGMD,2023-01-25,1.2930,1.3550,1.2930,1.3490,12851734
QGMD,2023-01-26,1.3400,1.3410,1.3110,1.3130,1133672
QGMD,2023-01-29,1.3140,1.3400,1.3060,1.3200,1046778
QGMD,2023-01-30,1.2840,1.3200,1.2610,1.2640,8250053
QGMD,2023-01-31,1.2600,1.2670,1.2320,1.2340,3488490
QGMD,2023-02-01,1.2350,1.2650,1.2200,1.2220,1366233
QGMD,2023-02-02,1.2350,1.2690,1.2200,1.2500,3665443
QGMD,2023-02-05,1.2500,1.2500,1.2230,1.2390,1486641
QGMD,2023-02-06,1.2390,1.2890,1.2310,1.2750,3730999
QGMD,2023-02-07,1.2880,1.2880,1.2400,1.2400,2321527
QGMD,2023-02-08,1.2350,1.2490,1.2090,1.2160,8006241
QGMD,2023-02-09,1.2100,1.2100,1.1430,1.1550,5818495
QGMD,2023-02-12,1.1350,1.1420,1.0980,1.1010,2878275
QGMD,2023-02-13,1.0710,1.1070,0.9910,0.9910,7500021
QGMD,2023-02-15,0.9980,0.9980,0.8920,0.9050,6467540
QGMD,2023-02-16,0.9050,0.9940,0.8670,0.9640,7473619
QGMD,2023-02-19,0.9680,1.0230,0.9650,0.9850,9010590
QGMD,2023-02-20,0.9870,1.0190,0.9620,1.0020,11362127
QGMD,2023-02-21,1.0100,1.0190,0.9780,0.9970,3034511
QGMD,2023-02-22,0.9800,0.9800,0.9600,0.9600,2758806
QGMD,2023-02-23,0.9600,0.9710,0.9050,0.9500,4746819
QGMD,2023-02-26,0.9490,0.9870,0.9330,0.9750,4595841
QGMD,2023-02-27,0.9770,1.0530,0.9770,1.0040,14237366
QGMD,2023-02-28,1.0070,1.0470,1.0070,1.0100,4327963
QGMD,2023-03-01,1.0110,1.0450,1.0050,1.0340,8692071
QGMD,2023-03-02,1.0250,1.0540,1.0250,1.0440,3676551
QGMD,2023-03-06,1.0440,1.0800,1.0420,1.0460,8625788
QGMD,2023-03-07,1.0420,1.0700,1.0350,1.0430,8887431
QGMD,2023-03-08,1.0400,1.0400,1.0000,1.0060,6516265
QGMD,2023-03-09,1.0050,1.0330,1.0040,1.0070,4676196
QGMD,2023-03-12,1.0010,1.0010,0.9500,0.9660,3403513
QGMD,2023-03-13,0.9680,0.9920,0.9420,0.9420,1277946
QGMD,2023-03-14,0.9420,0.9420,0.8910,0.9000,2629669
QGMD,2023-03-15,0.9270,0.9320,0.8780,0.8780,3162668
QGMD,2023-03-16,0.8700,0.8700,0.8200,0.8320,2608601
QGMD,2023-03-19,0.8320,0.8320,0.8020,0.8260,1714270
QGMD,2023-03-20,0.8310,0.8500,0.7990,0.7990,4799109
QGMD,2023-03-21,0.7990,0.8350,0.7990,0.8140,3409378
QGMD,2023-03-22,0.8300,0.8710,0.8210,0.8370,6592588
QGMD,2023-03-23,0.8600,0.9200,0.8220,0.8970,18517912
QGMD,2023-03-26,0.9000,0.9650,0.9000,0.9270,18134596
QGMD,2023-03-27,0.9450,0.9600,0.9310,0.9500,6487732
QGMD,2023-03-28,0.9650,0.9680,0.9400,0.9440,8881466
QGMD,2023-03-29,0.9450,0.9600,0.9160,0.9460,5785943
QGMD,2023-03-30,0.9460,1.0240,0.9460,0.9950,17902402
QGMD,2023-04-02,1.0000,1.0250,0.9900,1.0160,6905419
QGMD,2023-04-03,1.0070,1.0550,1.0070,1.0250,9717595
QGMD,2023-04-04,1.0380,1.0500,1.0070,1.0070,4976620
QGMD,2023-04-05,1.0120,1.0280,1.0000,1.0160,6955033
QGMD,2023-04-06,1.0180,1.0370,1.0180,1.0230,5194454
QGMD,2023-04-09,1.0230,1.0340,1.0100,1.0130,1699166
QGMD,2023-04-10,1.0280,1.0280,1.0040,1.0070,1354710
QGMD,2023-04-11,1.0120,1.0450,1.0000,1.0320,9382012
QGMD,2023-04-12,1.0380,1.1170,1.0360,1.0700,15697823
QGMD,2023-04-13,1.0610,1.0900,1.0210,1.0390,6437820
QGMD,2023-04-16,1.0400,1.0460,0.9680,0.9840,5480539
QGMD,2023-04-17,0.9550,1.0080,0.9550,0.9620,4219575
QGMD,2023-04-18,0.9630,0.9900,0.9550,0.9680,1026457
QGMD,2023-04-19,0.9690,0.9860,0.9630,0.9640,1784645
QGMD,2023-04-20,0.9830,1.0060,0.9650,1.0000,8097771
QGMD,2023-04-26,1.0100,1.0890,1.0000,1.0830,18889132
QGMD,2023-04-27,1.1090,1.1680,1.0910,1.1600,25381352
QGMD,2023-04-30,1.1800,1.2120,1.1300,1.1840,12301012
QGMD,2023-05-01,1.1940,1.1940,1.1440,1.1660,3317594
QGMD,2023-05-02,1.1350,1.2150,1.1330,1.2130,10243967
QGMD,2023-05-03,1.2180,1.2650,1.1960,1.2030,14944740
QGMD,2023-05-04,1.2000,1.2500,1.1800,1.2310,11638575
QGMD,2023-05-07,1.2850,1.3540,1.2650,1.3350,28046464
QGMD,2023-05-08,1.3380,1.4500,1.3380,1.4500,28224786
QGMD,2023-05-09,1.4580,1.5390,1.4580,1.5030,17121220
QGMD,2023-05-10,1.5110,1.6530,1.5110,1.6530,14864510
QGMD,2023-05-11,1.7000,1.7680,1.6020,1.7000,22765020
QGMD,2023-05-14,1.7390,1.7470,1.6600,1.6810,8598123
QGMD,2023-05-15,1.6820,1.8040,1.6650,1.6720,18145144
QGMD,2023-05-16,1.6720,1.7750,1.6690,1.7430,14546635
QGMD,2023-05-17,1.7690,1.8770,1.7500,1.8400,20572536
QGMD,2023-05-18,1.8590,2.0240,1.8590,2.0240,24197592
QGMD,2023-05-21,2.0490,2.2200,2.0350,2.1090,29204182
QGMD,2023-05-22,2.1160,2.1560,2.0100,2.0700,8611451
QGMD,2023-05-23,2.0570,2.2770,2.0560,2.2770,33986208
QGMD,2023-05-24,2.3100,2.5030,2.2800,2.4880,34415784
QGMD,2023-05-25,2.5260,2.6890,2.2400,2.2400,42170032
QGMD,2023-05-28,2.2780,2.4580,2.2780,2.4260,21513956
QGMD,2023-05-29,2.5120,2.6200,2.5120,2.6090,24983380
QGMD,2023-05-30,2.6490,2.6880,2.3990,2.5200,30041332
QGMD,2023-05-31,2.5420,2.5920,2.3500,2.4900,9558267
QGMD,2023-06-01,2.4890,2.5500,2.4000,2.4070,5867782
QGMD,2023-06-04,2.4350,2.4850,2.3000,2.3690,10637811
QGMD,2023-06-05,2.3980,2.5490,2.3360,2.5380,16487398
QGMD,2023-06-06,2.5420,2.5490,2.4660,2.4800,18036928
QGMD,2023-06-07,2.4040,2.4850,2.3910,2.4100,9324048
QGMD,2023-06-08,2.4490,2.4720,2.4310,2.4480,5370201
QGMD,2023-06-11,2.4690,2.4690,2.4140,2.4180,4817444
QGMD,2023-06-12,2.4180,2.4270,2.3360,2.3700,4888636
QGMD,2023-06-13,2.3950,2.4500,2.3740,2.3990,8022178
QGMD,2023-06-14,2.3980,2.4080,2.3500,2.3610,3834964
QGMD,2023-06-15,2.3700,2.4480,2.2010,2.3660,18823142
QGMD,2023-06-18,2.4290,2.4290,2.3000,2.3000,8294950
QGMD,2023-06-19,2.3000,2.3980,2.2520,2.3550,8208323
QGMD,2023-06-20,2.3670,2.3980,2.3100,2.3500,3455009
QGMD,2023-06-21,2.3500,2.3500,2.2700,2.2810,2169725
QGMD,2023-06-22,2.2740,2.2740,2.1020,2.1920,3809851
QGMD,2023-06-25,2.1100,2.1890,2.0000,2.0150,5156377
QGMD,2023-06-26,2.0000,2.1700,1.9800,2.1000,6467679
QGMD,2023-07-02,2.1110,2.2850,2.1110,2.2800,7258296
QGMD,2023-07-03,2.2820,2.3600,2.2600,2.2800,7452949
QGMD,2023-07-04,2.2530,2.4800,2.2530,2.3900,21112128
QGMD,2023-07-05,2.4050,2.4300,2.2700,2.3090,18146428
QGMD,2023-07-06,2.2970,2.3390,2.2220,2.2540,9205292
QGMD,2023-07-09,2.2850,2.3300,2.2800,2.2950,4991747
QGMD,2023-07-10,2.3110,2.3110,2.1610,2.1610,5400814
QGMD,2023-07-11,2.2000,2.3000,2.2000,2.2800,6976477
QGMD,2023-07-12,2.2970,2.3810,2.2630,2.3550,11869850
QGMD,2023-07-13,2.3700,2.5800,2.3410,2.5000,41859436
QGMD,2023-07-16,2.5550,2.6400,2.5280,2.5490,37790904
QGMD,2023-07-17,2.5470,2.5500,2.4000,2.4000,12615405
QGMD,2023-07-18,2.4490,2.4620,2.3800,2.4380,5679860
QGMD,2023-07-19,2.4390,2.5190,2.4300,2.4390,8462117
QGMD,2023-07-20,2.4500,2.4800,2.4000,2.4000,3871913
QGMD,2023-07-23,2.3900,2.4790,2.3750,2.4050,6653136
QGMD,2023-07-24,2.4120,2.5250,2.3870,2.4810,16973424
QGMD,2023-07-25,2.4990,2.5180,2.4450,2.4900,7318565
QGMD,2023-07-26,2.4900,2.5490,2.4600,2.5300,5996153
QGMD,2023-07-27,2.5490,2.5550,2.4890,2.4890,4827213
QGMD,2023-07-30,2.5110,2.5110,2.4500,2.4510,5741218
QGMD,2023-07-31,2.4050,2.5000,2.4050,2.4270,7505648
QGMD,2023-08-01,2.4270,2.4390,2.3860,2.4000,3490644
QGMD,2023-08-02,2.4000,2.4470,2.3830,2.4060,3284009
QGMD,2023-08-03,2.4000,2.4360,2.4000,2.4010,3318410
QGMD,2023-08-06,2.4010,2.4200,2.4000,2.4100,2413047
QGMD,2023-08-07,2.4000,2.4150,2.3800,2.3800,2109376
QGMD,2023-08-08,2.3800,2.4390,2.3610,2.4230,2124978
QGMD,2023-08-09,2.4000,2.4760,2.3830,2.4120,8623706
QGMD,2023-08-10,2.4390,2.4420,2.3950,2.4000,3160346
QGMD,2023-08-13,2.4020,2.4900,2.4020,2.4590,17022332
QGMD,2023-08-14,2.4580,2.5010,2.4050,2.4430,9629132
QGMD,2023-08-15,2.4200,2.4490,2.4150,2.4270,1614290
QGMD,2023-08-16,2.4150,2.4640,2.4150,2.4430,1499176
QGMD,2023-08-17,2.4200,2.4400,2.4000,2.4070,1440507
QGMD,2023-08-20,2.4200,2.4800,2.4200,2.4500,4941515
QGMD,2023-08-21,2.4530,2.4750,2.3600,2.3600,3885144
QGMD,2023-08-22,2.3470,2.3970,2.3010,2.3200,2755789
QGMD,2023-08-23,2.3070,2.3320,2.2800,2.3300,2397611
QGMD,2023-08-24,2.2860,2.3600,2.2860,2.3330,714360
QGMD,2023-08-27,2.3060,2.3900,2.3060,2.3500,1403381
QGMD,2023-08-28,2.3310,2.3550,2.3110,2.3200,1573921
QGMD,2023-08-29,2.3590,2.3640,2.2750,2.3460,1633743
QGMD,2023-08-30,2.3140,2.3720,2.3140,2.3490,794415
QGMD,2023-08-31,2.3270,2.5080,2.3210,2.3600,11753991
QGMD,2023-09-03,2.3820,2.4360,2.3000,2.3100,11094854
QGMD,2023-09-04,2.3000,2.3480,2.2800,2.2900,2799621
QGMD,2023-09-05,2.2890,2.2890,2.2200,2.2240,5876276
QGMD,2023-09-06,2.2490,2.2850,2.2220,2.2720,3063594
QGMD,2023-09-07,2.2960,2.2980,2.2400,2.2560,1864609
QGMD,2023-09-10,2.2500,2.2790,2.2410,2.2560,1521983
QGMD,2023-09-11,2.2480,2.2850,2.2300,2.2470,6192848
QGMD,2023-09-12,2.2310,2.2600,2.2260,2.2450,5647485
QGMD,2023-09-13,2.2430,2.2430,2.1900,2.1950,4802382
QGMD,2023-09-14,2.2000,2.2000,2.1160,2.1450,6875007
QGMD,2023-09-17,2.0910,2.1100,1.9310,1.9310,18371756
QGMD,2023-09-18,1.9310,1.9310,1.7800,1.8900,17002798
QGMD,2023-09-19,1.9030,1.9290,1.8600,1.8600,9796941
QGMD,2023-09-20,1.8650,1.8790,1.7770,1.8050,6824204
QGMD,2023-09-21,1.7800,1.8440,1.7800,1.8080,3444454
QGMD,2023-09-24,1.7800,1.8150,1.7600,1.7600,3086036
QGMD,2023-09-25,1.7580,1.7770,1.7320,1.7330,2869069
QGMD,2023-09-26,1.7340,1.8440,1.7340,1.8100,10369856
QGMD,2023-09-27,1.8110,1.8300,1.7860,1.7900,3342791
QGMD,2023-09-28,1.8000,1.8130,1.7520,1.7770,4116660
QGMD,2023-10-01,1.7770,1.7970,1.7500,1.7670,1910640
QGMD,2023-10-02,1.7690,1.7840,1.7630,1.7690,1190240
QGMD,2023-10-03,1.7610,1.8090,1.7610,1.7820,4175473
QGMD,2023-10-04,1.7710,1.7760,1.7160,1.7600,5118353
QGMD,2023-10-05,1.7600,1.7700,1.6620,1.6810,4154797
QGMD,2023-10-08,1.6800,1.6900,1.6300,1.6410,3271267
QGMD,2023-10-09,1.6450,1.6580,1.5370,1.5630,4005065
QGMD,2023-10-10,1.6090,1.6640,1.5560,1.6200,4895719
QGMD,2023-10-11,1.6080,1.6880,1.6080,1.6720,5586421
QGMD,2023-10-12,1.6860,1.7090,1.6750,1.6750,4362827
QGMD,2023-10-15,1.6760,1.6950,1.6200,1.6280,2852247
QGMD,2023-10-16,1.6170,1.6260,1.5650,1.5890,2778168
QGMD,2023-10-17,1.5910,1.6270,1.5700,1.5980,1856188
QGMD,2023-10-18,1.5900,1.5900,1.5450,1.5450,1687234
QGMD,2023-10-19,1.5550,1.5550,1.4450,1.4900,3420558
QGMD,2023-10-22,1.4510,1.4750,1.3790,1.4700,4275567
QGMD,2023-10-23,1.4460,1.5030,1.4310,1.4470,3059491
QGMD,2023-10-24,1.4670,1.4670,1.3400,1.3400,5036651
QGMD,2023-10-25,1.3400,1.3870,1.3000,1.3030,2014623
QGMD,2023-10-26,1.3040,1.3480,1.2550,1.2560,2731803
QGMD,2023-10-29,1.2760,1.2780,1.2000,1.2400,4327606
QGMD,2023-10-30,1.2730,1.3640,1.2730,1.3640,8695305
QGMD,2023-10-31,1.4990,1.5000,1.4800,1.5000,10817898
QGMD,2023-11-01,1.5500,1.5500,1.4520,1.5220,16224020
QGMD,2023-11-02,1.5470,1.5850,1.5110,1.5420,15935317
QGMD,2023-11-05,1.5430,1.5970,1.5320,1.5540,8444390
QGMD,2023-11-06,1.5750,1.5750,1.5160,1.5280,5076516
QGMD,2023-11-07,1.5300,1.5830,1.5200,1.5390,8538803
QGMD,2023-11-08,1.5500,1.5740,1.5220,1.5400,3423479
QGMD,2023-11-09,1.5350,1.5840,1.5250,1.5490,4654355
QGMD,2023-11-12,1.5500,1.6230,1.5500,1.6050,10714600
QGMD,2023-11-13,1.6270,1.6370,1.6020,1.6030,4321717
QGMD,2023-11-14,1.6250,1.6290,1.5730,1.6000,4028621
QGMD,2023-11-15,1.5910,1.6310,1.5900,1.6100,5488261
QGMD,2023-11-16,1.6100,1.6120,1.5810,1.5840,3529939
QGMD,2023-11-19,1.5960,1.5970,1.5630,1.5820,2949616
QGMD,2023-11-20,1.5970,1.5980,1.5500,1.5730,2673308
QGMD,2023-11-21,1.5880,1.5880,1.5330,1.5390,3031424
QGMD,2023-11-22,1.5390,1.5960,1.5360,1.5780,3876477
QGMD,2023-11-23,1.5710,1.5960,1.5550,1.5550,3120362
QGMD,2023-11-26,1.5550,1.5790,1.5360,1.5370,1962165
QGMD,2023-11-27,1.5370,1.5380,1.5000,1.5090,1779981
QGMD,2023-11-28,1.5390,1.5440,1.4910,1.5180,885330
QGMD,2023-11-29,1.5180,1.5470,1.5010,1.5060,335902
QGMD,2023-11-30,1.5060,1.5240,1.5000,1.5090,1448398
QGMD,2023-12-03,1.5090,1.5250,1.5000,1.5000,657148
QGMD,2023-12-04,1.5200,1.5200,1.4530,1.4700,3388346
QGMD,2023-12-05,1.4300,1.4800,1.4300,1.4700,1283493
QGMD,2023-12-06,1.4540,1.4890,1.4540,1.4550,552487
QGMD,2023-12-07,1.4270,1.4440,1.4270,1.4300,791434
QGMD,2023-12-10,1.4290,1.4600,1.4270,1.4430,1545432
QGMD,2023-12-11,1.4430,1.4490,1.4160,1.4200,1368602
QGMD,2023-12-12,1.4200,1.4380,1.4120,1.4200,580062
QGMD,2023-12-13,1.4130,1.4440,1.4130,1.4250,1298248
QGMD,2023-12-14,1.4260,1.4700,1.4070,1.4070,2404434
QGMD,2023-12-19,1.4160,1.4730,1.4160,1.4630,3581886
QGMD,2023-12-20,1.4650,1.5450,1.4650,1.5370,6924489
QGMD,2023-12-21,1.5590,1.5930,1.5380,1.5670,5674366
QGMD,2023-12-24,1.5670,1.6190,1.5670,1.6000,3148561
QGMD,2023-12-25,1.6010,1.6350,1.5850,1.6130,3083046
QGMD,2023-12-26,1.5950,1.6150,1.5840,1.5970,1282681
QGMD,2023-12-27,1.5860,1.6080,1.5800,1.5900,1307477
QGMD,2023-12-28,1.5860,1.5940,1.5510,1.5580,3643940
QGMD,2023-12-31,1.4030,1.4890,1.4030,1.4510,8759625
QGMD,2024-01-02,1.4770,1.4770,1.4510,1.4550,2061566
QGMD,2024-01-03,1.4460,1.4620,1.4200,1.4200,1910376
QGMD,2024-01-04,1.4200,1.4470,1.4070,1.4290,2029068
QGMD,2024-01-07,1.4200,1.4340,1.4100,1.4320,1372353
QGMD,2024-01-08,1.4320,1.4320,1.4060,1.4110,2571771
QGMD,2024-01-09,1.4120,1.4600,1.4000,1.4360,6151857
QGMD,2024-01-10,1.4510,1.4510,1.4020,1.4020,1540087
QGMD,2024-01-11,1.4060,1.4220,1.4050,1.4180,771480
QGMD,2024-01-14,1.4040,1.4180,1.3990,1.4000,3502050
QGMD,2024-01-15,1.4000,1.4120,1.3880,1.3890,1418327
QGMD,2024-01-16,1.3890,1.4090,1.3800,1.3920,1209503
QGMD,2024-01-17,1.4120,1.4130,1.3720,1.3860,3885329
QGMD,2024-01-18,1.4000,1.4010,1.3370,1.3520,1602307
QGMD,2024-01-21,1.3260,1.3850,1.3260,1.3260,870612
QGMD,2024-01-22,1.3250,1.3540,1.3050,1.3050,1470693
QGMD,2024-01-23,1.3060,1.3150,1.2840,1.2860,2232374
QGMD,2024-01-24,1.2840,1.2990,1.2500,1.2640,960968
QGMD,2024-01-25,1.2640,1.2880,1.2510,1.2680,1449056
QGMD,2024-01-28,1.2800,1.2900,1.2640,1.2640,2117742
QGMD,2024-01-29,1.2880,1.2880,1.2270,1.2370,1154863
QGMD,2024-01-30,1.2120,1.2500,1.2120,1.2170,3106656
QGMD,2024-01-31,1.2120,1.2450,1.2120,1.2250,2618833
QGMD,2024-02-01,1.2210,1.2270,1.2000,1.2000,2207003
QGMD,2024-02-04,1.1720,1.2500,1.1710,1.2220,8019384
QGMD,2024-02-05,1.2400,1.2500,1.2180,1.2200,5101968
QGMD,2024-02-06,1.2130,1.2250,1.2000,1.2050,2267396
QGMD,2024-02-07,1.2200,1.2310,1.1840,1.2090,5480481
QGMD,2024-02-08,1.1940,1.2150,1.1770,1.1860,3905810
QGMD,2024-02-11,1.1730,1.2100,1.1720,1.1830,3030189
QGMD,2024-02-12,1.1840,1.2000,1.1690,1.1870,5321161
QGMD,2024-02-14,1.1730,1.1940,1.1730,1.1740,3156991
QGMD,2024-02-15,1.1880,1.2910,1.1700,1.2910,18118246
QGMD,2024-02-18,1.3130,1.4200,1.3130,1.4080,16133645
QGMD,2024-02-19,1.4220,1.4870,1.4080,1.4090,21873334
QGMD,2024-02-20,1.4000,1.4600,1.3720,1.4000,10792078
QGMD,2024-02-21,1.4000,1.4440,1.4000,1.4140,5267722
QGMD,2024-02-22,1.4340,1.4700,1.4200,1.4250,10235767
QGMD,2024-02-25,1.4380,1.4400,1.3860,1.4050,6843105
QGMD,2024-02-26,1.4060,1.4390,1.3890,1.4070,11576111
QGMD,2024-02-27,1.4110,1.5440,1.4110,1.5000,38569208
QGMD,2024-02-28,1.5350,1.5450,1.4950,1.5000,11197596
QGMD,2024-02-29,1.4900,1.5170,1.4800,1.4860,8952107
QGMD,2024-03-04,1.4600,1.5130,1.4510,1.4640,7168054
QGMD,2024-03-05,1.4650,1.4730,1.4370,1.4410,3597619
QGMD,2024-03-06,1.4300,1.4330,1.3920,1.4230,4935457
QGMD,2024-03-07,1.4010,1.4850,1.4010,1.4850,13541673
QGMD,2024-03-10,1.4900,1.4970,1.4550,1.4560,4927491
QGMD,2024-03-11,1.4710,1.4710,1.4250,1.4400,2588148
QGMD,2024-03-12,1.4320,1.4970,1.4320,1.4500,5940186
QGMD,2024-03-13,1.4490,1.4670,1.4310,1.4520,5583260
QGMD,2024-03-14,1.4450,1.4620,1.4310,1.4310,3795319
QGMD,2024-03-17,1.4280,1.4470,1.4160,1.4230,2487307
QGMD,2024-03-18,1.4230,1.4340,1.3950,1.4020,4233198
QGMD,2024-03-19,1.3950,1.4390,1.3950,1.4110,4234598
QGMD,2024-03-20,1.4110,1.4160,1.3960,1.4050,1393459
QGMD,2024-03-21,1.3990,1.4250,1.3950,1.4170,1516530
QGMD,2024-03-24,1.4230,1.4230,1.3950,1.3950,2476186
QGMD,2024-03-25,1.3960,1.3960,1.3290,1.3290,4024252
QGMD,2024-03-26,1.3300,1.3400,1.2900,1.2900,3099704
QGMD,2024-03-27,1.3160,1.3160,1.2950,1.3000,2025995
QGMD,2024-03-28,1.3250,1.3460,1.3000,1.3150,5202525
QGMD,2024-03-31,1.3160,1.3270,1.2970,1.2970,2008524
QGMD,2024-04-01,1.2820,1.3750,1.2500,1.3410,12763661
QGMD,2024-04-02,1.3650,1.4190,1.3510,1.3870,10587566
QGMD,2024-04-03,1.3870,1.4400,1.3870,1.4000,10319083
QGMD,2024-04-04,1.4180,1.4300,1.4000,1.4030,5478960
QGMD,2024-04-07,1.4030,1.4250,1.3980,1.4000,4734887
QGMD,2024-04-08,1.4000,1.4250,1.4000,1.4200,5221955
QGMD,2024-04-14,1.3790,1.4180,1.3790,1.4070,4722102
QGMD,2024-04-15,1.4230,1.4350,1.4150,1.4170,4759983
QGMD,2024-04-16,1.4270,1.4340,1.3910,1.3910,5403930
QGMD,2024-04-17,1.3910,1.4100,1.3720,1.3960,3046997
QGMD,2024-04-18,1.3960,1.4100,1.3860,1.3870,3217182
QGMD,2024-04-21,1.3910,1.4180,1.3900,1.3900,7496370
QGMD,2024-04-22,1.3900,1.4070,1.3700,1.3710,2104444
QGMD,2024-04-23,1.3700,1.3880,1.3700,1.3710,3609354
QGMD,2024-04-24,1.3720,1.3810,1.3500,1.3500,2890084
QGMD,2024-04-25,1.3500,1.3530,1.3210,1.3290,3285995
QGMD,2024-04-28,1.3250,1.3930,1.3250,1.3510,7063769
QGMD,2024-04-29,1.3600,1.3870,1.3570,1.3700,5634982
QGMD,2024-04-30,1.3790,1.4300,1.3710,1.3900,15695918
QGMD,2024-05-01,1.4040,1.4170,1.3800,1.4020,5634662
QGMD,2024-05-02,1.4030,1.4500,1.4030,1.4490,15225449
QGMD,2024-05-05,1.4730,1.5930,1.4700,1.5930,25998512
QGMD,2024-05-06,1.6300,1.7270,1.5800,1.5800,30806000
QGMD,2024-05-07,1.5800,1.7250,1.5500,1.7100,36458808
QGMD,2024-05-08,1.7890,1.8700,1.7100,1.8610,35409728
QGMD,2024-05-09,1.8600,1.8710,1.7500,1.7640,17705578
QGMD,2024-05-12,1.7800,1.8200,1.6840,1.7350,13950047
QGMD,2024-05-13,1.7480,1.8600,1.6960,1.8600,26641190
QGMD,2024-05-14,1.8880,1.9280,1.8610,1.8610,23928768
QGMD,2024-05-15,1.8610,1.8650,1.8000,1.8080,8381146
QGMD,2024-05-16,1.8000,1.8280,1.7850,1.7900,11722087
QGMD,2024-05-19,1.7630,1.8550,1.7630,1.8200,14282816
QGMD,2024-05-20,1.8600,1.9210,1.8600,1.9100,18383672