time,open,high,low,close,vwap,volume,count
2025-12-12 11:55:00,138.75,138.75,138.59,138.59,138.66,257.01046204,15
2025-12-12 11:56:00,138.7,138.71,138.68,138.71,138.7,98.11354669,6
2025-12-12 11:57:00,138.69,138.69,138.68,138.68,138.68,17.6618429,6
2025-12-12 11:58:00,138.66,138.77,138.65,138.68,138.71,5406.95837181,40
2025-12-12 11:59:00,138.71,138.78,138.68,138.76,138.77,48.31734022,9
2025-12-12 12:00:00,138.75,138.8,138.66,138.66,138.77,263.22910461,22
2025-12-12 12:01:00,138.65,138.65,138.6,138.61,138.64,1.13943243,5
2025-12-12 12:02:00,138.6,138.61,138.55,138.55,138.58,15.55565693,7
2025-12-12 12:03:00,138.5,138.52,138.5,138.51,138.51,21.6450851,4
2025-12-12 12:04:00,138.57,138.63,138.54,138.54,138.54,52.12999347,8
2025-12-12 12:05:00,138.52,138.62,138.52,138.54,138.54,3.39202127,4
2025-12-12 12:06:00,138.5,138.5,138.41,138.42,138.41,102.99313868,6
2025-12-12 12:07:00,138.43,138.43,138.4,138.4,138.41,104.27967492,4
2025-12-12 12:08:00,138.4,138.43,138.39,138.41,138.42,81.62117803,11
2025-12-12 12:09:00,138.43,138.43,138.42,138.42,138.42,3.88037,5
2025-12-12 12:10:00,138.54,138.54,138.52,138.52,138.53,4.07490633,4
2025-12-12 12:11:00,138.53,138.55,138.51,138.55,138.53,1.12572213,7
2025-12-12 12:12:00,138.54,138.55,138.54,138.55,138.54,65.04693482,2
2025-12-12 12:13:00,138.52,138.53,138.5,138.5,138.51,1.72298892,7
2025-12-12 12:14:00,138.47,138.51,138.47,138.5,138.47,4.88127,5
2025-12-12 12:15:00,138.49,138.52,138.48,138.49,138.48,56.26331122,13
2025-12-12 12:16:00,138.47,138.6,138.47,138.6,138.48,32.8505056,10
2025-12-12 12:17:00,138.59,138.6,138.59,138.6,138.59,0.66650105,3
2025-12-12 12:18:00,138.59,138.65,138.59,138.64,138.59,84.33213918,6
2025-12-12 12:19:00,138.6,138.6,138.52,138.52,138.53,38.0646773,5
2025-12-12 12:20:00,138.51,138.53,138.49,138.51,138.51,5.22169733,10
2025-12-12 12:21:00,138.51,138.59,138.51,138.59,138.52,0.28411823,6
2025-12-12 12:22:00,138.58,138.58,138.57,138.57,138.57,0.41633,3
2025-12-12 12:23:00,138.58,138.58,138.57,138.58,138.57,30.43186346,8
2025-12-12 12:24:00,138.53,138.6,138.53,138.6,138.53,1.70086,3
2025-12-12 12:25:00,138.61,138.61,138.47,138.47,138.5,14.66561002,6
2025-12-12 12:26:00,138.53,138.53,138.49,138.49,138.51,7.13479292,4
2025-12-12 12:27:00,138.52,138.54,138.52,138.54,138.53,19.33999639,9
2025-12-12 12:28:00,138.51,138.63,138.51,138.57,138.59,0.90102205,6
2025-12-12 12:29:00,138.56,138.6,138.56,138.6,138.57,2.31364084,3
2025-12-12 12:30:00,138.62,138.72,138.62,138.72,138.63,10.43583323,8
2025-12-12 12:31:00,138.72,138.9,138.72,138.81,138.82,1110.33356588,37
2025-12-12 12:32:00,138.8,138.81,138.71,138.81,138.75,69.51610298,8
2025-12-12 12:33:00,138.84,138.91,138.83,138.91,138.87,62.09910879,18
2025-12-12 12:34:00,138.95,138.95,138.95,138.95,138.95,1.0,1
2025-12-12 12:35:00,138.97,138.97,138.93,138.93,138.95,36.03880647,14
2025-12-12 12:36:00,138.87,138.87,138.87,138.87,138.87,0.19693808,3
2025-12-12 12:37:00,138.88,138.95,138.86,138.95,138.91,2.20811484,7
2025-12-12 12:38:00,138.95,139.25,138.95,139.22,139.1,682.958052,37
2025-12-12 12:39:00,139.2,139.22,139.16,139.2,139.19,23.3012327,11
2025-12-12 12:40:00,139.22,139.25,139.22,139.24,139.23,22.14270452,7
2025-12-12 12:41:00,139.24,139.24,139.12,139.12,139.2,21.92731008,9
2025-12-12 12:42:00,139.11,139.25,139.11,139.25,139.13,108.86340902,16
2025-12-12 12:43:00,139.25,139.25,139.1,139.11,139.23,240.95560592,19
2025-12-12 12:44:00,139.11,139.11,139.1,139.11,139.1,1.21792514,6
2025-12-12 12:45:00,139.1,139.12,139.04,139.12,139.04,108.61017415,9
2025-12-12 12:46:00,139.16,139.18,139.06,139.18,139.1,215.55237799,18
2025-12-12 12:47:00,139.18,139.24,139.18,139.24,139.2,1.9650293,4
2025-12-12 12:48:00,139.25,139.34,139.25,139.34,139.25,22.65810746,11
2025-12-12 12:49:00,139.33,139.34,139.33,139.33,139.33,0.21403975,5
2025-12-12 12:50:00,139.38,139.78,139.38,139.78,139.47,115.64517342,41
2025-12-12 12:51:00,139.79,139.87,139.59,139.59,139.67,5.92164614,13
2025-12-12 12:52:00,139.64,139.69,139.64,139.65,139.65,164.62314272,17
2025-12-12 12:53:00,139.63,139.64,139.6,139.6,139.63,213.14323569,6
2025-12-12 12:54:00,139.58,139.78,139.58,139.72,139.65,1.65562209,7
2025-12-12 12:55:00,139.74,139.75,139.58,139.58,139.73,35.17853764,13
2025-12-12 12:56:00,139.61,139.68,139.6,139.68,139.6,0.53051783,4
2025-12-12 12:57:00,139.63,139.63,139.58,139.61,139.6,14.97872568,6
2025-12-12 12:58:00,139.68,139.74,139.68,139.7,139.68,59.70633355,10
2025-12-12 12:59:00,139.67,139.7,139.62,139.65,139.66,44.71853753,10
2025-12-12 13:00:00,139.66,139.66,139.42,139.42,139.52,13.05075273,29
2025-12-12 13:01:00,139.44,139.46,139.42,139.46,139.43,19.3922762,8
2025-12-12 13:02:00,139.55,139.56,139.5,139.5,139.55,49.69096796,6
2025-12-12 13:03:00,139.41,139.41,139.27,139.34,139.32,1450.96242412,23
2025-12-12 13:04:00,139.36,139.36,139.29,139.3,139.29,26.40744686,6
2025-12-12 13:05:00,139.36,139.36,139.27,139.32,139.32,46.39852909,17
2025-12-12 13:06:00,139.33,139.4,139.33,139.4,139.39,10.58978412,6
2025-12-12 13:07:00,139.45,139.5,139.37,139.4,139.39,58.55095874,22
2025-12-12 13:08:00,139.43,139.43,139.43,139.43,139.43,0.18851,2
2025-12-12 13:09:00,139.43,139.43,139.34,139.34,139.39,36.10816531,13
2025-12-12 13:10:00,139.36,139.36,139.29,139.29,139.33,5.57376793,8
2025-12-12 13:11:00,139.32,139.36,139.32,139.36,139.32,14.66876314,11
2025-12-12 13:12:00,139.4,139.42,139.38,139.42,139.39,158.52630393,8
2025-12-12 13:13:00,139.45,139.45,139.38,139.41,139.42,85.23117919,12
2025-12-12 13:14:00,139.44,139.45,139.43,139.43,139.44,3.59155376,7
2025-12-12 13:15:00,139.39,139.45,139.2,139.2,139.3,82.46097802,14
2025-12-12 13:16:00,139.22,139.22,139.14,139.14,139.2,20.50925554,10
2025-12-12 13:17:00,139.13,139.31,139.13,139.29,139.22,21.17890752,12
2025-12-12 13:18:00,139.26,139.48,139.26,139.42,139.42,3.80166818,13
2025-12-12 13:19:00,139.39,139.46,139.36,139.44,139.37,18.5070136,11
2025-12-12 13:20:00,139.43,139.52,139.43,139.52,139.43,57.76413237,13
2025-12-12 13:21:00,139.51,139.56,139.51,139.56,139.54,18.15097113,10
2025-12-12 13:22:00,139.56,139.57,139.5,139.5,139.54,39.77980017,22
2025-12-12 13:23:00,139.51,139.51,139.42,139.43,139.43,408.5443906,13
2025-12-12 13:24:00,139.46,139.46,139.32,139.37,139.34,64.08705769,11
2025-12-12 13:25:00,139.33,139.42,139.31,139.35,139.32,88.08776471,15
2025-12-12 13:26:00,139.27,139.32,139.17,139.32,139.22,4.55814761,6
2025-12-12 13:27:00,139.28,139.31,139.23,139.27,139.26,45.14055834,11
2025-12-12 13:28:00,139.25,139.29,139.2,139.2,139.26,9.20073996,6
2025-12-12 13:29:00,139.19,139.19,139.17,139.17,139.17,19.35130791,4
2025-12-12 13:30:00,139.19,139.27,139.18,139.21,139.25,1.03979,6
2025-12-12 13:31:00,139.24,139.28,139.2,139.2,139.21,11.22632715,8
2025-12-12 13:32:00,139.19,139.19,139.05,139.05,139.07,64.72535384,12
2025-12-12 13:33:00,139.07,139.37,139.07,139.37,139.14,593.07619401,17
2025-12-12 13:34:00,139.37,139.48,139.37,139.43,139.39,79.20471011,15
2025-12-12 13:35:00,139.48,139.48,139.39,139.4,139.41,149.36651218,11
2025-12-12 13:36:00,139.37,139.41,139.37,139.41,139.37,125.53572844,5
2025-12-12 13:37:00,139.42,139.42,139.32,139.32,139.34,105.85370834,24
2025-12-12 13:38:00,139.32,139.44,139.32,139.42,139.39,3.20704128,11
2025-12-12 13:39:00,139.44,139.44,139.32,139.32,139.36,282.65899591,10
2025-12-12 13:40:00,139.35,139.4,139.35,139.38,139.38,0.49148333,5
2025-12-12 13:41:00,139.36,139.37,139.32,139.32,139.34,12.74138104,15
2025-12-12 13:42:00,139.31,139.36,139.31,139.36,139.33,0.94128,6
2025-12-12 13:43:00,139.3,139.3,139.16,139.21,139.19,18.36587951,13
2025-12-12 13:44:00,139.24,139.24,139.17,139.19,139.2,80.2818514,10
2025-12-12 13:45:00,139.2,139.2,139.16,139.16,139.17,10.57777886,11
2025-12-12 13:46:00,139.22,139.23,139.2,139.21,139.21,49.21201214,10
2025-12-12 13:47:00,139.2,139.2,139.04,139.05,139.07,733.19449303,23
2025-12-12 13:48:00,139.15,139.15,139.08,139.14,139.13,1.51736015,6
2025-12-12 13:49:00,139.18,139.21,139.07,139.08,139.11,0.71962086,7
2025-12-12 13:50:00,139.07,139.07,138.91,138.91,139.04,114.29243993,22
2025-12-12 13:51:00,138.9,138.95,138.78,138.78,138.82,86.64172166,25
2025-12-12 13:52:00,138.77,138.88,138.77,138.88,138.84,134.78098485,11
2025-12-12 13:53:00,138.82,138.88,138.82,138.83,138.83,5.4282641,6
2025-12-12 13:54:00,138.88,138.88,138.85,138.85,138.86,1.99732889,6
2025-12-12 13:55:00,138.94,138.95,138.94,138.95,138.94,0.32997,4
2025-12-12 13:56:00,138.95,139.04,138.94,139.04,138.98,12.0641853,13
2025-12-12 13:57:00,139.03,139.04,139.03,139.04,139.03,4.2983,4
2025-12-12 13:58:00,139.04,139.04,138.97,138.99,139.02,462.66857775,15
2025-12-12 13:59:00,138.95,139.01,138.94,139.01,138.96,14.35251621,8
2025-12-12 14:00:00,139.01,139.01,138.93,138.94,138.97,9.69034832,23
2025-12-12 14:01:00,138.97,138.97,138.95,138.96,138.95,27.45381597,12
2025-12-12 14:02:00,138.96,138.96,138.91,138.95,138.94,39.80590202,13
2025-12-12 14:03:00,138.95,138.95,138.91,138.94,138.92,3.73602945,11
2025-12-12 14:04:00,138.92,139.02,138.92,139.02,138.99,42.45922542,15
2025-12-12 14:05:00,139.06,139.06,138.94,138.95,139.01,76.75097117,15
2025-12-12 14:06:00,138.95,139.05,138.95,139.02,138.99,36.37072015,6
2025-12-12 14:07:00,138.97,138.97,138.97,138.97,138.97,14.73771531,2
2025-12-12 14:08:00,139.01,139.01,138.93,138.94,138.99,7.59707311,5
2025-12-12 14:09:00,138.91,138.91,138.82,138.82,138.86,19.6805462,9
2025-12-12 14:10:00,138.76,138.8,138.76,138.8,138.76,12.28562023,3
2025-12-12 14:11:00,138.81,138.81,138.71,138.71,138.72,568.17656662,31
2025-12-12 14:12:00,138.72,138.78,138.7,138.7,138.75,252.177887,15
2025-12-12 14:13:00,138.7,138.7,138.65,138.68,138.68,19.45138111,13
2025-12-12 14:14:00,138.66,138.8,138.66,138.8,138.69,2.79235248,9
2025-12-12 14:15:00,138.78,138.78,138.77,138.77,138.77,3.45899309,5
2025-12-12 14:16:00,138.76,138.9,138.76,138.9,138.85,6.60879638,15
2025-12-12 14:17:00,138.85,138.98,138.85,138.98,138.9,17.27280657,19
2025-12-12 14:18:00,138.98,138.99,138.98,138.99,138.98,33.98777533,12
2025-12-12 14:19:00,138.98,139.23,138.98,139.22,139.2,1368.89178416,27
2025-12-12 14:20:00,139.2,139.22,139.2,139.21,139.2,3.61406902,13
2025-12-12 14:21:00,139.2,139.29,139.19,139.29,139.25,1.40950582,6
2025-12-12 14:22:00,139.29,139.29,139.07,139.1,139.17,12.18993207,17
2025-12-12 14:23:00,139.09,139.14,139.06,139.14,139.13,111.38279423,11
2025-12-12 14:24:00,139.17,139.18,138.98,138.98,139.07,9.90484009,12
2025-12-12 14:25:00,138.95,138.99,138.87,138.9,138.93,6.75851515,13
2025-12-12 14:26:00,138.85,138.85,138.7,138.7,138.75,18.42731,15
2025-12-12 14:27:00,138.66,138.81,138.62,138.76,138.65,210.69788601,17
2025-12-12 14:28:00,138.71,138.84,138.71,138.82,138.82,43.34185503,8
2025-12-12 14:29:00,138.75,138.86,138.75,138.86,138.79,148.96967893,14
2025-12-12 14:30:00,138.93,139.01,138.77,138.82,138.86,32.18220171,32
2025-12-12 14:31:00,138.76,139.21,138.65,139.21,138.76,1674.8094209,102
2025-12-12 14:32:00,139.06,139.3,139.0,139.28,139.28,85.62971606,26
2025-12-12 14:33:00,139.27,139.27,139.09,139.15,139.17,4.02481206,14
2025-12-12 14:34:00,139.11,139.25,139.08,139.08,139.13,7.13554794,14
2025-12-12 14:35:00,139.06,139.06,138.93,139.04,139.0,187.9096108,28
2025-12-12 14:36:00,139.06,139.42,139.01,139.39,139.37,654.59941568,27
2025-12-12 14:37:00,139.43,139.78,139.38,139.48,139.61,9459.27751157,155
2025-12-12 14:38:00,139.47,139.52,139.4,139.4,139.44,1129.03703268,22
2025-12-12 14:39:00,139.38,139.38,139.13,139.13,139.34,2073.00238435,32
2025-12-12 14:40:00,139.06,139.16,139.02,139.15,139.03,59.38122166,19
2025-12-12 14:41:00,139.17,139.18,138.82,139.15,139.05,3343.0117888,71
2025-12-12 14:42:00,139.16,139.18,138.92,138.92,138.99,132.00680861,25
2025-12-12 14:43:00,138.91,138.98,138.85,138.86,138.89,144.95930216,42
2025-12-12 14:44:00,138.87,139.05,138.86,139.05,138.87,11.13309659,8
2025-12-12 14:45:00,138.98,139.02,138.74,138.74,138.96,87.54442324,10
2025-12-12 14:46:00,138.75,138.86,138.72,138.86,138.84,471.33928872,61
2025-12-12 14:47:00,138.85,139.03,138.74,139.03,138.85,107.13701026,18
2025-12-12 14:48:00,138.85,138.86,138.53,138.64,138.74,176.60229808,16
2025-12-12 14:49:00,138.7,138.7,138.43,138.43,138.5,20.46020072,9
2025-12-12 14:50:00,138.44,138.44,138.29,138.32,138.32,120.776588,13
2025-12-12 14:51:00,138.23,138.41,138.12,138.36,138.22,44.47479753,32
2025-12-12 14:52:00,138.43,138.58,138.43,138.58,138.48,22.25968084,17
2025-12-12 14:53:00,138.43,138.51,138.32,138.51,138.4,3.73049019,8
2025-12-12 14:54:00,138.51,138.66,138.51,138.66,138.58,2.68194978,13
2025-12-12 14:55:00,138.65,138.65,138.42,138.46,138.57,7.28220641,10
2025-12-12 14:56:00,138.41,138.57,138.41,138.57,138.55,197.65440547,10
2025-12-12 14:57:00,138.64,138.72,138.63,138.68,138.67,5.3006407,14
2025-12-12 14:58:00,138.67,138.68,138.67,138.68,138.67,1.09169,2
2025-12-12 14:59:00,138.66,138.69,138.55,138.55,138.65,18.75520791,9
2025-12-12 15:00:00,138.53,138.53,138.08,138.08,138.26,46.33258428,24
2025-12-12 15:01:00,138.07,138.1,137.75,138.1,137.81,1906.38772515,55
2025-12-12 15:02:00,138.11,138.17,137.86,138.06,137.97,77.96405388,38
2025-12-12 15:03:00,137.96,137.98,137.95,137.95,137.97,880.31831965,11
2025-12-12 15:04:00,137.94,137.94,137.65,137.67,137.7,178.79003728,26
2025-12-12 15:05:00,137.76,137.76,137.6,137.73,137.6,783.25559446,24
2025-12-12 15:06:00,137.65,137.75,137.52,137.7,137.65,44.44205082,15
2025-12-12 15:07:00,137.7,137.7,137.22,137.22,137.38,463.52898322,31
2025-12-12 15:08:00,137.25,137.31,137.24,137.29,137.29,11.06410404,10
2025-12-12 15:09:00,137.31,137.36,136.85,137.09,136.94,8281.4019497,119
2025-12-12 15:10:00,137.12,137.21,137.08,137.13,137.11,1092.68335806,26
2025-12-12 15:11:00,137.22,137.62,137.22,137.62,137.45,2989.31253295,56
2025-12-12 15:12:00,137.57,137.66,137.56,137.56,137.59,790.23431272,13
2025-12-12 15:13:00,137.49,137.79,137.39,137.79,137.59,1532.33385391,37
2025-12-12 15:14:00,137.82,137.84,137.46,137.51,137.47,708.20678701,20
2025-12-12 15:15:00,137.51,137.51,137.26,137.26,137.33,422.56884868,27
2025-12-12 15:16:00,137.23,137.23,137.11,137.11,137.14,66.62158192,12
2025-12-12 15:17:00,137.05,137.2,137.0,137.19,137.05,490.49876432,13
2025-12-12 15:18:00,137.21,137.35,137.21,137.32,137.22,356.9390477,16
2025-12-12 15:19:00,137.26,137.52,137.26,137.45,137.44,113.37434496,14
2025-12-12 15:20:00,137.44,137.55,137.36,137.51,137.46,24.78426473,10
2025-12-12 15:21:00,137.46,137.46,137.22,137.22,137.44,51.10749764,14
2025-12-12 15:22:00,137.2,137.28,137.2,137.24,137.23,1.19654819,4
2025-12-12 15:23:00,137.35,137.37,137.12,137.12,137.31,196.60835528,15
2025-12-12 15:24:00,137.06,137.06,136.78,136.78,136.83,1147.27356307,34
2025-12-12 15:25:00,136.77,136.8,136.68,136.8,136.77,743.31307046,24
2025-12-12 15:26:00,136.78,136.78,135.93,135.93,136.14,3458.14146322,192
2025-12-12 15:27:00,136.15,136.25,135.94,135.97,135.98,568.29724381,40
2025-12-12 15:28:00,135.96,135.97,135.76,135.81,135.81,2072.46917254,55
2025-12-12 15:29:00,135.79,135.79,135.6,135.7,135.66,541.7078998,37
2025-12-12 15:30:00,135.7,135.91,135.35,135.43,135.47,465.69919039,80
2025-12-12 15:31:00,135.4,135.47,135.17,135.47,135.3,1488.11143611,53
2025-12-12 15:32:00,135.47,135.6,135.21,135.25,135.38,364.4371731,43
2025-12-12 15:33:00,135.35,135.69,135.35,135.55,135.6,714.3164844,35
2025-12-12 15:34:00,135.55,135.55,135.0,135.08,135.0,6301.80529243,112
2025-12-12 15:35:00,135.1,135.1,134.46,134.46,134.58,6213.76852601,186
2025-12-12 15:36:00,134.66,134.98,134.58,134.98,134.75,572.24404452,43
2025-12-12 15:37:00,135.0,135.01,134.81,134.96,134.84,217.26319567,30
2025-12-12 15:38:00,134.95,135.32,134.93,135.0,135.1,1742.30319251,46
2025-12-12 15:39:00,134.99,135.01,134.84,135.01,134.88,706.95804838,25
2025-12-12 15:40:00,135.01,135.01,134.13,134.13,134.35,1801.68235054,92
2025-12-12 15:41:00,134.32,134.47,134.03,134.08,134.09,1909.20729368,82
2025-12-12 15:42:00,134.27,134.6,134.21,134.55,134.54,51.91750012,21
2025-12-12 15:43:00,134.59,134.59,134.39,134.47,134.51,111.23711756,21
2025-12-12 15:44:00,134.45,134.81,134.45,134.8,134.5,38.71938196,21
2025-12-12 15:45:00,134.79,134.8,134.59,134.68,134.72,181.84676467,32
2025-12-12 15:46:00,134.68,134.84,134.54,134.54,134.7,169.64393446,31
2025-12-12 15:47:00,134.58,135.13,134.58,135.13,134.9,19.71034216,26
2025-12-12 15:48:00,135.23,135.54,135.19,135.19,135.37,187.9366145,37
2025-12-12 15:49:00,135.13,135.25,135.08,135.22,135.19,36.56408321,28
2025-12-12 15:50:00,135.17,135.17,134.76,134.76,134.87,69.95204207,25
2025-12-12 15:51:00,134.79,134.86,134.61,134.64,134.72,181.47570869,30
2025-12-12 15:52:00,134.68,134.7,134.51,134.57,134.66,581.11263018,26
2025-12-12 15:53:00,134.51,134.51,134.28,134.33,134.35,234.37063349,36
2025-12-12 15:54:00,134.29,134.3,134.2,134.25,134.21,127.17109514,15
2025-12-12 15:55:00,134.21,134.22,134.13,134.16,134.2,236.91979942,24
2025-12-12 15:56:00,134.11,134.12,133.91,133.93,133.99,1022.78875138,57
2025-12-12 15:57:00,133.92,133.96,133.88,133.89,133.92,1049.46726189,36
2025-12-12 15:58:00,133.87,133.87,132.91,133.04,133.41,4430.72002825,159
2025-12-12 15:59:00,133.07,133.62,133.07,133.49,133.39,100.17147258,40
2025-12-12 16:00:00,133.49,133.7,133.15,133.51,133.46,2362.90248559,88
2025-12-12 16:01:00,133.5,133.87,133.5,133.82,133.64,1379.68892684,54
2025-12-12 16:02:00,133.75,133.93,133.63,133.64,133.67,635.8143733,43
2025-12-12 16:03:00,133.6,133.63,133.36,133.46,133.56,62.47849155,35
2025-12-12 16:04:00,133.31,133.31,133.16,133.16,133.25,146.91131527,29
2025-12-12 16:05:00,133.13,133.45,133.11,133.11,133.28,407.73830443,38
2025-12-12 16:06:00,133.1,133.48,133.06,133.44,133.24,288.49703564,46
2025-12-12 16:07:00,133.49,133.52,133.21,133.21,133.32,32.15540575,19
2025-12-12 16:08:00,133.42,133.62,133.27,133.27,133.34,94.36901017,39
2025-12-12 16:09:00,133.21,133.55,133.11,133.45,133.16,1075.62970546,43
2025-12-12 16:10:00,133.42,133.48,132.81,132.81,132.93,1087.96587909,62
2025-12-12 16:11:00,132.81,132.81,132.6,132.7,132.69,364.60505928,53
2025-12-12 16:12:00,132.73,133.12,132.7,133.12,132.86,439.44635833,38
2025-12-12 16:13:00,133.03,133.22,132.98,133.22,133.05,126.8985998,26
2025-12-12 16:14:00,133.22,133.33,133.11,133.18,133.21,25.37197128,28
2025-12-12 16:15:00,133.17,133.17,132.92,133.06,133.03,78.685019,41
2025-12-12 16:16:00,133.11,133.11,132.67,132.67,132.95,176.91130107,29
2025-12-12 16:17:00,132.66,133.18,132.64,133.03,132.69,140.18477392,21
2025-12-12 16:18:00,132.98,133.07,132.95,132.99,132.98,496.80647278,35
2025-12-12 16:19:00,132.88,132.95,132.74,132.86,132.86,299.43622186,33
2025-12-12 16:20:00,132.87,132.89,132.62,132.62,132.72,28.31552983,27
2025-12-12 16:21:00,132.6,132.6,132.13,132.14,132.34,1548.56113417,79
2025-12-12 16:22:00,132.14,132.42,132.14,132.27,132.38,1155.93261977,24
2025-12-12 16:23:00,132.24,132.94,132.21,132.55,132.64,575.14694316,63
2025-12-12 16:24:00,132.61,132.88,132.59,132.86,132.78,3.74833929,16
2025-12-12 16:25:00,132.93,133.19,132.66,133.19,132.88,35.49471614,31
2025-12-12 16:26:00,133.19,133.39,133.13,133.39,133.24,243.85851596,27
2025-12-12 16:27:00,133.4,133.78,133.4,133.45,133.7,2083.15687113,50
2025-12-12 16:28:00,133.41,133.45,133.16,133.39,133.19,382.35051822,24
2025-12-12 16:29:00,133.5,133.63,133.5,133.63,133.56,158.76665386,23
2025-12-12 16:30:00,133.52,133.52,133.19,133.21,133.31,123.97144781,25
2025-12-12 16:31:00,133.2,133.24,132.75,132.76,133.0,149.49878736,36
2025-12-12 16:32:00,132.75,132.75,132.66,132.66,132.73,18.59694057,14
2025-12-12 16:33:00,132.6,132.6,132.45,132.54,132.53,398.36748647,24
2025-12-12 16:34:00,132.5,132.56,132.28,132.38,132.36,57.62086718,24
2025-12-12 16:35:00,132.45,132.58,132.43,132.51,132.52,120.56443031,43
2025-12-12 16:36:00,132.59,132.6,132.46,132.53,132.57,334.10395446,33
2025-12-12 16:37:00,132.54,132.54,132.02,132.02,132.13,138.83797044,61
2025-12-12 16:38:00,132.02,132.13,131.88,132.08,131.95,2676.37448199,108
2025-12-12 16:39:00,132.09,132.12,132.03,132.06,132.08,1647.13167141,56
2025-12-12 16:40:00,132.06,132.06,131.67,131.96,131.83,52.82723001,35
2025-12-12 16:41:00,131.97,132.13,131.9,132.0,131.99,172.13968614,33
2025-12-12 16:42:00,131.82,131.96,131.55,131.74,131.59,124.0203269,33
2025-12-12 16:43:00,131.7,132.12,131.59,132.07,131.74,3995.46553606,89
2025-12-12 16:44:00,132.11,132.19,131.93,131.99,132.03,45.52655955,27
2025-12-12 16:45:00,131.93,132.01,131.92,132.0,131.99,51.1011158,8
2025-12-12 16:46:00,132.0,132.03,131.95,131.99,131.96,1294.04543934,25
2025-12-12 16:47:00,131.93,132.24,131.93,132.13,131.96,452.97111448,37
2025-12-12 16:48:00,132.18,132.26,132.03,132.26,132.15,4.40372567,13
2025-12-12 16:49:00,132.26,132.26,131.94,132.01,132.03,551.32813406,33
2025-12-12 16:50:00,132.06,132.07,131.9,132.0,131.94,119.81162146,22
2025-12-12 16:51:00,132.08,132.08,131.94,131.94,131.98,17.48275528,28
2025-12-12 16:52:00,131.93,131.99,131.76,131.99,131.82,815.13151184,35
2025-12-12 16:53:00,131.99,132.28,131.99,131.99,132.05,241.69640092,29
2025-12-12 16:54:00,131.92,132.02,131.85,132.0,131.96,291.98099051,15
2025-12-12 16:55:00,131.98,132.2,131.98,132.18,132.05,36.20074964,18
2025-12-12 16:56:00,132.09,132.46,132.01,132.46,132.26,8.86446932,18
2025-12-12 16:57:00,132.27,132.59,132.27,132.59,132.51,87.3170382,26
2025-12-12 16:58:00,132.45,132.45,132.14,132.14,132.33,13.04574267,10
2025-12-12 16:59:00,132.22,132.22,132.13,132.18,132.17,3.87331832,10
2025-12-12 17:00:00,132.21,132.52,132.1,132.52,132.23,262.24456141,24
2025-12-12 17:01:00,132.52,132.55,132.3,132.37,132.35,132.368245,17
2025-12-12 17:02:00,132.34,132.42,132.29,132.38,132.38,12.41560171,19
2025-12-12 17:03:00,132.38,132.63,132.38,132.57,132.45,61.95204113,21
2025-12-12 17:04:00,132.51,132.52,132.4,132.42,132.45,63.86153625,12
2025-12-12 17:05:00,132.41,132.55,132.41,132.55,132.48,131.51640199,16
2025-12-12 17:06:00,132.63,132.9,132.63,132.8,132.75,2839.02253803,61
2025-12-12 17:07:00,132.71,132.8,132.68,132.77,132.71,226.13668316,16
2025-12-12 17:08:00,132.88,133.15,132.83,132.9,132.98,164.85514199,42
2025-12-12 17:09:00,132.8,132.85,132.73,132.85,132.78,82.76351287,36
2025-12-12 17:10:00,132.82,132.94,132.7,132.89,132.87,129.283673,21
2025-12-12 17:11:00,132.95,132.96,132.85,132.96,132.91,180.89599258,15
2025-12-12 17:12:00,132.97,133.19,132.97,133.19,133.09,189.01059818,23
2025-12-12 17:13:00,133.11,133.17,133.06,133.06,133.11,98.89174416,16
2025-12-12 17:14:00,133.06,133.16,133.0,133.1,133.05,1706.39232282,17
2025-12-12 17:15:00,133.07,133.34,133.07,133.34,133.17,177.60740011,32
2025-12-12 17:16:00,133.36,133.52,133.36,133.51,133.47,85.47107752,19
2025-12-12 17:17:00,133.5,133.58,133.5,133.53,133.55,182.83715988,31
2025-12-12 17:18:00,133.52,133.52,133.37,133.37,133.44,65.52795767,17
2025-12-12 17:19:00,133.31,133.31,133.2,133.28,133.29,307.00596873,13
2025-12-12 17:20:00,133.35,133.35,133.19,133.21,133.25,15.17238701,15
2025-12-12 17:21:00,133.17,133.17,132.83,132.84,133.04,42.48924781,20
2025-12-12 17:22:00,132.75,132.96,132.66,132.83,132.88,46.70666785,13
2025-12-12 17:23:00,132.85,132.88,132.63,132.63,132.7,33.50992708,19
2025-12-12 17:24:00,132.65,132.66,132.36,132.66,132.49,8806.01439085,94
2025-12-12 17:25:00,132.65,132.66,132.39,132.53,132.51,870.47514915,20
2025-12-12 17:26:00,132.53,132.54,132.25,132.28,132.3,532.17814689,21
2025-12-12 17:27:00,132.31,132.34,131.98,131.98,132.03,432.37452345,40
2025-12-12 17:28:00,131.97,132.01,131.88,131.91,131.97,160.82877545,16
2025-12-12 17:29:00,131.87,131.87,131.65,131.65,131.71,334.17923218,29
2025-12-12 17:30:00,131.66,131.78,131.43,131.43,131.53,1070.77171594,63
2025-12-12 17:31:00,131.44,131.65,131.44,131.47,131.49,318.96595705,32
2025-12-12 17:32:00,131.49,131.81,131.49,131.81,131.76,127.80426338,23
2025-12-12 17:33:00,131.88,132.13,131.88,132.12,131.94,70.33462043,38
2025-12-12 17:34:00,132.13,132.17,131.98,131.98,132.04,4.39367673,15
2025-12-12 17:35:00,131.98,131.98,131.73,131.93,131.8,22.69943858,18
2025-12-12 17:36:00,132.03,132.13,132.02,132.09,132.08,487.92689787,15
2025-12-12 17:37:00,132.03,132.14,132.03,132.04,132.1,57.61140637,13
2025-12-12 17:38:00,132.13,132.23,132.08,132.16,132.13,440.86457049,25
2025-12-12 17:39:00,132.16,132.16,132.05,132.09,132.1,2.84965295,17
2025-12-12 17:40:00,132.13,132.15,132.02,132.02,132.06,186.81795389,24
2025-12-12 17:41:00,131.93,131.93,131.78,131.83,131.8,1920.31401685,33
2025-12-12 17:42:00,131.73,131.79,131.71,131.73,131.75,78.90530005,18
2025-12-12 17:43:00,131.79,131.79,131.71,131.74,131.78,5.95791603,9
2025-12-12 17:44:00,131.72,131.86,131.7,131.84,131.71,538.2605172,32
2025-12-12 17:45:00,131.88,131.98,131.86,131.89,131.9,91.65980503,17
2025-12-12 17:46:00,131.87,132.09,131.81,132.09,131.84,61.58233261,19
2025-12-12 17:47:00,132.09,132.23,132.09,132.16,132.2,56.83035466,11
2025-12-12 17:48:00,132.19,132.19,132.15,132.17,132.18,18.30059902,17
2025-12-12 17:49:00,132.15,132.15,132.0,132.06,132.09,13.75297061,10
2025-12-12 17:50:00,132.14,132.14,132.0,132.0,132.03,31.34283477,19
2025-12-12 17:51:00,132.0,132.04,131.91,131.92,132.01,71.78593181,15
2025-12-12 17:52:00,131.87,131.94,131.81,131.9,131.88,46.21528648,14
2025-12-12 17:53:00,131.96,132.06,131.96,132.01,132.03,48.64971983,24
2025-12-12 17:54:00,131.99,132.07,131.96,131.96,131.99,25.00794361,17
2025-12-12 17:55:00,132.08,132.2,132.08,132.2,132.15,0.55354006,7
2025-12-12 17:56:00,132.2,132.24,132.19,132.23,132.2,6.12489027,10
2025-12-12 17:57:00,132.25,132.25,132.14,132.14,132.22,23.76659476,7
2025-12-12 17:58:00,132.1,132.15,132.08,132.13,132.1,153.29191996,11
2025-12-12 17:59:00,132.12,132.18,132.12,132.16,132.17,22.61137211,17
2025-12-12 18:00:00,132.2,132.22,132.14,132.2,132.16,54.90426812,27
2025-12-12 18:01:00,132.3,132.44,132.22,132.28,132.27,20.25248429,17
2025-12-12 18:02:00,132.34,132.45,132.33,132.33,132.33,25.37362975,8
2025-12-12 18:03:00,132.45,132.8,132.45,132.8,132.53,571.31895703,27
2025-12-12 18:04:00,132.73,132.73,132.66,132.66,132.71,816.57953102,15
2025-12-12 18:05:00,132.62,132.62,132.46,132.46,132.55,51.82691789,13
2025-12-12 18:06:00,132.53,132.53,132.39,132.42,132.45,167.61002022,19
2025-12-12 18:07:00,132.47,132.55,132.47,132.53,132.52,34.11766,8
2025-12-12 18:08:00,132.5,132.5,132.32,132.41,132.42,79.21969332,15
2025-12-12 18:09:00,132.47,132.55,132.38,132.47,132.5,428.10894014,32
2025-12-12 18:10:00,132.45,132.46,132.27,132.31,132.37,61.52748035,11
2025-12-12 18:11:00,132.22,132.34,132.21,132.28,132.21,77.02201604,14
2025-12-12 18:12:00,132.27,133.1,132.27,132.64,132.69,1161.39918098,88
2025-12-12 18:13:00,132.62,132.75,132.61,132.75,132.66,89.92584216,25
2025-12-12 18:14:00,132.75,132.78,132.52,132.53,132.65,291.23816413,25
2025-12-12 18:15:00,132.5,132.6,132.48,132.6,132.48,372.96421609,9
2025-12-12 18:16:00,132.59,132.97,132.59,132.78,132.95,409.03595989,25
2025-12-12 18:17:00,132.89,132.92,132.44,132.44,132.7,214.59917982,28
2025-12-12 18:18:00,132.39,132.51,132.39,132.39,132.42,330.89523974,25
2025-12-12 18:19:00,132.3,132.3,132.12,132.12,132.25,7.58561427,12
2025-12-12 18:20:00,132.11,132.11,131.8,131.8,131.92,237.91696725,29
2025-12-12 18:21:00,131.8,131.8,131.71,131.77,131.76,281.78441386,27
2025-12-12 18:22:00,131.7,131.7,131.52,131.59,131.68,430.73924504,15
2025-12-12 18:23:00,131.59,131.78,131.59,131.67,131.62,10.60661232,20
2025-12-12 18:24:00,131.7,131.79,131.67,131.79,131.75,43.14240783,16
2025-12-12 18:25:00,131.8,131.94,131.8,131.94,131.91,0.78356153,5
2025-12-12 18:26:00,131.97,132.23,131.97,132.13,132.1,212.55017999,29
2025-12-12 18:27:00,132.12,132.33,132.1,132.29,132.24,393.57102816,22
2025-12-12 18:28:00,132.34,132.53,132.32,132.43,132.47,85.49672111,21
2025-12-12 18:29:00,132.44,132.44,132.4,132.4,132.4,26.26535767,7
2025-12-12 18:30:00,132.42,132.47,132.38,132.46,132.39,101.25081587,14
2025-12-12 18:31:00,132.45,132.6,132.39,132.6,132.43,772.98620708,18
2025-12-12 18:32:00,132.59,132.59,132.49,132.52,132.5,684.58984867,19
2025-12-12 18:33:00,132.52,132.65,132.51,132.58,132.56,229.72443183,12
2025-12-12 18:34:00,132.58,132.74,132.58,132.7,132.66,46.18115779,20
2025-12-12 18:35:00,132.72,132.76,132.69,132.7,132.7,81.01421535,7
2025-12-12 18:36:00,132.72,132.72,132.7,132.7,132.71,48.87637662,6
2025-12-12 18:37:00,132.7,132.86,132.7,132.85,132.73,458.71756544,15
2025-12-12 18:38:00,132.84,132.92,132.84,132.92,132.84,0.95353903,6
2025-12-12 18:39:00,132.93,132.97,132.86,132.97,132.92,71.4931033,11
2025-12-12 18:40:00,132.98,133.08,132.94,132.94,133.01,416.96538548,31
2025-12-12 18:41:00,132.93,133.0,132.85,132.97,132.96,2664.2913612,43
2025-12-12 18:42:00,133.05,133.24,133.05,133.19,133.22,415.43782129,28
2025-12-12 18:43:00,133.1,133.1,132.91,132.98,133.07,266.56078637,19
2025-12-12 18:44:00,132.97,132.97,132.7,132.83,132.8,18.79141495,13
2025-12-12 18:45:00,132.82,132.87,132.77,132.82,132.86,116.47101722,18
2025-12-12 18:46:00,132.85,132.96,132.85,132.89,132.92,48.95390158,13
2025-12-12 18:47:00,132.84,133.01,132.84,132.95,132.92,181.66319184,14
2025-12-12 18:48:00,133.0,133.15,133.0,133.11,133.06,85.8365784,21
2025-12-12 18:49:00,133.11,133.16,133.07,133.16,133.15,2266.27907049,53
2025-12-12 18:50:00,133.19,133.19,133.09,133.09,133.15,15.8843787,10
2025-12-12 18:51:00,133.18,133.3,133.18,133.3,133.24,269.04571346,18
2025-12-12 18:52:00,133.25,133.25,133.08,133.09,133.18,156.43511081,22
2025-12-12 18:53:00,133.11,133.15,133.07,133.07,133.1,20.04985587,10
2025-12-12 18:54:00,133.04,133.14,133.04,133.12,133.09,35.40307754,14
2025-12-12 18:55:00,133.13,133.16,133.09,133.09,133.12,3.55286603,9
2025-12-12 18:56:00,133.0,133.0,132.86,132.86,132.97,219.35470937,23
2025-12-12 18:57:00,132.89,132.89,132.73,132.74,132.76,160.65959626,18
2025-12-12 18:58:00,132.7,132.74,132.65,132.7,132.69,10.17427034,11
2025-12-12 18:59:00,132.71,132.76,132.65,132.76,132.66,24.18694437,13
2025-12-12 19:00:00,132.76,132.85,132.63,132.64,132.77,12.5310418,31
2025-12-12 19:01:00,132.67,132.68,132.62,132.64,132.62,166.75108263,8
2025-12-12 19:02:00,132.48,132.5,132.41,132.45,132.45,110.86972841,16
2025-12-12 19:03:00,132.45,132.47,132.31,132.47,132.36,7.41165114,11
2025-12-12 19:04:00,132.48,132.8,132.48,132.76,132.72,8538.21970792,61
2025-12-12 19:05:00,132.75,132.75,132.63,132.67,132.68,2.8558343,9
2025-12-12 19:06:00,132.66,132.66,132.39,132.4,132.43,72.34813091,15
2025-12-12 19:07:00,132.37,132.37,132.16,132.2,132.28,160.59787434,19
2025-12-12 19:08:00,132.15,132.26,132.07,132.26,132.21,69.0118719,11
2025-12-12 19:09:00,132.28,132.35,132.28,132.32,132.3,185.80851787,14
2025-12-12 19:10:00,132.31,132.4,132.31,132.37,132.36,183.66250325,14
2025-12-12 19:11:00,132.32,132.39,132.25,132.25,132.25,111.00020234,21
2025-12-12 19:12:00,132.22,132.29,132.22,132.29,132.25,2.41668463,10
2025-12-12 19:13:00,132.27,132.27,132.08,132.08,132.17,15.97088486,18
2025-12-12 19:14:00,132.09,132.27,132.09,132.25,132.2,198.76217603,17
2025-12-12 19:15:00,132.19,132.3,132.19,132.28,132.27,45.63135412,16
2025-12-12 19:16:00,132.28,132.3,132.13,132.13,132.18,14.90669693,9
2025-12-12 19:17:00,132.23,132.25,132.05,132.24,132.12,141.86587767,12
2025-12-12 19:18:00,132.2,132.22,132.18,132.18,132.2,28.70518204,13
2025-12-12 19:19:00,132.15,132.15,132.08,132.12,132.14,214.8874563,7
2025-12-12 19:20:00,132.22,132.38,132.19,132.38,132.24,6.30503325,14
2025-12-12 19:21:00,132.45,132.45,132.18,132.18,132.4,20.20400231,18
2025-12-12 19:22:00,132.17,132.27,132.17,132.24,132.2,65.20684,15
2025-12-12 19:23:00,132.24,132.29,132.18,132.28,132.26,12.87154268,11
2025-12-12 19:24:00,132.27,132.55,132.27,132.55,132.52,69.4646504,21
2025-12-12 19:25:00,132.46,132.49,132.32,132.32,132.46,62.23926338,12
2025-12-12 19:26:00,132.3,132.3,131.93,131.93,132.02,8575.33388775,78
2025-12-12 19:27:00,131.93,132.07,131.92,131.92,131.94,50.6145023,17
2025-12-12 19:28:00,131.92,131.96,131.81,131.96,131.85,333.61662919,27
2025-12-12 19:29:00,131.97,132.03,131.96,131.97,132.0,209.60753252,14
2025-12-12 19:30:00,131.97,132.07,131.96,131.96,131.96,107.39093979,8
2025-12-12 19:31:00,131.98,132.05,131.96,132.05,131.97,448.21588151,7
2025-12-12 19:32:00,132.06,132.06,131.94,131.94,132.01,354.23705013,10
2025-12-12 19:33:00,131.91,132.01,131.91,131.97,131.98,10.30744449,6
2025-12-12 19:34:00,131.98,132.07,131.91,131.91,131.97,56.61296018,15
2025-12-12 19:35:00,131.86,131.96,131.86,131.96,131.88,2.42494603,6
2025-12-12 19:36:00,131.84,131.84,131.71,131.76,131.77,194.60032031,8
2025-12-12 19:37:00,131.71,131.76,131.7,131.76,131.71,35.49059813,12
2025-12-12 19:38:00,131.76,131.81,131.75,131.77,131.76,40.64267706,13
2025-12-12 19:39:00,131.78,131.78,131.66,131.66,131.69,404.8712815,19
2025-12-12 19:40:00,131.65,131.74,131.63,131.73,131.67,4.1159247,11
2025-12-12 19:41:00,131.76,131.82,131.75,131.8,131.76,32.44668101,9
2025-12-12 19:42:00,131.76,131.76,131.5,131.5,131.55,1708.39578039,36
2025-12-12 19:43:00,131.44,131.45,131.25,131.4,131.32,493.3717118,37
2025-12-12 19:44:00,131.25,131.26,130.86,131.03,131.04,3922.81964414,138
2025-12-12 19:45:00,130.93,131.02,130.73,130.73,130.88,1182.28393606,61
2025-12-12 19:46:00,130.71,130.71,130.5,130.64,130.55,439.67290355,41
2025-12-12 19:47:00,130.64,130.64,130.38,130.38,130.49,947.10223607,65
2025-12-12 19:48:00,130.47,130.87,130.47,130.81,130.71,282.70040001,36
2025-12-12 19:49:00,130.83,131.05,130.83,131.04,130.94,613.22002112,46
2025-12-12 19:50:00,131.03,131.04,130.94,131.03,131.01,244.37454383,19
2025-12-12 19:51:00,131.09,131.11,130.96,131.11,130.97,681.883612,28
2025-12-12 19:52:00,131.16,131.21,131.08,131.21,131.15,143.27398254,18
2025-12-12 19:53:00,131.26,131.31,131.2,131.2,131.27,329.83984624,26
2025-12-12 19:54:00,131.31,131.35,131.3,131.32,131.31,166.74004413,17
2025-12-12 19:55:00,131.32,131.33,131.24,131.24,131.26,791.92764322,24
2025-12-12 19:56:00,131.24,131.24,131.09,131.09,131.21,103.96688448,10
2025-12-12 19:57:00,131.08,131.08,130.91,130.91,131.0,174.47814349,20
2025-12-12 19:58:00,130.9,131.06,130.82,131.06,130.83,70.03146703,18
2025-12-12 19:59:00,131.15,131.29,131.15,131.29,131.25,4.91944302,16
2025-12-12 20:00:00,131.29,131.29,131.11,131.18,131.16,73.18100334,22
2025-12-12 20:01:00,131.13,131.21,131.1,131.19,131.15,18.40941,11
2025-12-12 20:02:00,131.21,131.25,131.19,131.22,131.2,14.17926133,7
2025-12-12 20:03:00,131.21,131.21,131.03,131.13,131.17,219.75335609,10
2025-12-12 20:04:00,131.16,131.3,131.1,131.3,131.21,12.14762559,18
2025-12-12 20:05:00,131.28,131.45,131.28,131.36,131.36,135.84174522,26
2025-12-12 20:06:00,131.32,131.41,131.3,131.4,131.35,133.8760287,16
2025-12-12 20:07:00,131.33,131.35,131.21,131.31,131.33,41.49012822,13
2025-12-12 20:08:00,131.26,131.35,131.21,131.21,131.26,18.06996484,9
2025-12-12 20:09:00,131.31,131.47,131.3,131.47,131.44,231.83736831,13
2025-12-12 20:10:00,131.48,131.63,131.48,131.48,131.54,7.47435392,17
2025-12-12 20:11:00,131.41,131.58,131.41,131.57,131.48,11.74432332,9
2025-12-12 20:12:00,131.56,131.56,131.5,131.5,131.53,4.4454532,12
2025-12-12 20:13:00,131.41,131.48,131.34,131.48,131.39,35.4593346,15
2025-12-12 20:14:00,131.48,131.54,131.36,131.37,131.47,308.39439917,15
2025-12-12 20:15:00,131.28,131.46,131.23,131.46,131.27,50.29629105,21
2025-12-12 20:16:00,131.53,131.55,131.45,131.55,131.49,61.03931889,10
2025-12-12 20:17:00,131.53,131.88,131.53,131.75,131.59,33.59160495,15
2025-12-12 20:18:00,131.76,131.84,131.69,131.76,131.73,138.62077956,24
2025-12-12 20:19:00,131.76,131.76,131.69,131.69,131.73,2.24363038,9
2025-12-12 20:20:00,131.63,131.63,131.5,131.51,131.61,9.40740916,5
2025-12-12 20:21:00,131.38,131.5,131.38,131.5,131.46,31.91012973,12
2025-12-12 20:22:00,131.49,131.57,131.47,131.52,131.48,4.36457543,7
2025-12-12 20:23:00,131.52,131.7,131.52,131.64,131.65,17.13222697,14
2025-12-12 20:24:00,131.62,131.75,131.62,131.75,131.68,15.11585153,20
2025-12-12 20:25:00,131.75,131.77,131.6,131.6,131.62,111.83000681,20
2025-12-12 20:26:00,131.56,131.62,131.43,131.43,131.5,2042.00354458,23
2025-12-12 20:27:00,131.5,131.58,131.5,131.55,131.57,93.18908418,15
2025-12-12 20:28:00,131.56,131.56,131.51,131.54,131.54,1.49439701,8
2025-12-12 20:29:00,131.52,131.52,131.43,131.43,131.51,8.21036576,3
2025-12-12 20:30:00,131.41,131.59,131.41,131.52,131.5,8.04915628,13
2025-12-12 20:31:00,131.5,131.61,131.49,131.5,131.51,8.58065165,11
2025-12-12 20:32:00,131.38,131.63,131.32,131.6,131.48,33.22871416,22
2025-12-12 20:33:00,131.62,131.71,131.6,131.6,131.66,22.81172264,26
2025-12-12 20:34:00,131.52,131.64,131.52,131.61,131.59,88.77591576,22
2025-12-12 20:35:00,131.61,131.72,131.6,131.69,131.66,668.30646747,38
2025-12-12 20:36:00,131.66,131.66,131.53,131.58,131.53,136.61992851,9
2025-12-12 20:37:00,131.55,131.63,131.55,131.62,131.58,162.29040506,6
2025-12-12 20:38:00,131.58,131.58,131.54,131.54,131.56,40.10468566,16
2025-12-12 20:39:00,131.56,131.61,131.56,131.58,131.6,200.06569192,15
2025-12-12 20:40:00,131.59,131.63,131.55,131.56,131.61,5.01341069,12
2025-12-12 20:41:00,131.56,131.6,131.56,131.6,131.58,4.21025276,5
2025-12-12 20:42:00,131.65,131.74,131.65,131.74,131.68,435.09312566,19
2025-12-12 20:43:00,131.72,131.83,131.68,131.77,131.75,7.76728883,16
2025-12-12 20:44:00,131.77,131.8,131.63,131.64,131.66,39.46130083,25
2025-12-12 20:45:00,131.66,131.66,131.56,131.6,131.61,436.735727,16
2025-12-12 20:46:00,131.61,131.7,131.6,131.64,131.65,2.70001136,11
2025-12-12 20:47:00,131.6,131.73,131.6,131.73,131.6,11.3682803,7
2025-12-12 20:48:00,131.73,131.8,131.73,131.8,131.75,6.19319951,12
2025-12-12 20:49:00,131.76,131.76,131.52,131.52,131.61,590.86051246,21
2025-12-12 20:50:00,131.54,131.81,131.54,131.73,131.64,9.68603772,18
2025-12-12 20:51:00,131.73,131.8,131.69,131.8,131.73,16.97784896,15
2025-12-12 20:52:00,131.8,131.88,131.8,131.88,131.87,377.35321283,17
2025-12-12 20:53:00,131.85,131.88,131.83,131.83,131.86,4.73763527,7
2025-12-12 20:54:00,131.85,131.94,131.85,131.9,131.87,11.2460659,9
2025-12-12 20:55:00,131.9,131.9,131.78,131.83,131.82,4410.84782284,39
2025-12-12 20:56:00,131.77,131.77,131.7,131.7,131.72,244.03231887,10
2025-12-12 20:57:00,131.66,131.75,131.65,131.65,131.73,60.68012731,21
2025-12-12 20:58:00,131.61,131.67,131.6,131.61,131.63,63.68986002,8
2025-12-12 20:59:00,131.61,131.67,131.57,131.58,131.63,109.61527304,15
2025-12-12 21:00:00,131.58,131.58,131.43,131.43,131.5,354.64199666,23
2025-12-12 21:01:00,131.39,131.48,131.39,131.48,131.4,166.1266739,9
2025-12-12 21:02:00,131.53,131.53,131.32,131.35,131.32,302.98688022,8
2025-12-12 21:03:00,131.39,131.39,131.32,131.33,131.33,6.31726374,9
2025-12-12 21:04:00,131.33,131.67,131.33,131.62,131.59,191.37843412,18
2025-12-12 21:05:00,131.63,131.72,131.63,131.65,131.65,29.91993032,8
2025-12-12 21:06:00,131.64,131.7,131.62,131.69,131.63,12.62340196,7
2025-12-12 21:07:00,131.64,131.73,131.63,131.66,131.67,5.64551347,15
2025-12-12 21:08:00,131.69,131.69,131.56,131.56,131.65,17.54342,13
2025-12-12 21:09:00,131.6,131.63,131.57,131.61,131.6,12.53469677,11
2025-12-12 21:10:00,131.6,131.61,131.59,131.61,131.59,948.65160871,10
2025-12-12 21:11:00,131.59,131.59,131.39,131.4,131.49,84.15834246,14
2025-12-12 21:12:00,131.42,131.53,131.42,131.5,131.47,5407.28213483,49
2025-12-12 21:13:00,131.51,131.51,131.51,131.51,131.51,4.0465179,1
2025-12-12 21:14:00,131.47,131.48,131.44,131.47,131.45,3.35206961,7
2025-12-12 21:15:00,131.49,131.51,131.49,131.51,131.5,9.82303513,6
2025-12-12 21:16:00,131.51,131.52,131.5,131.52,131.51,3.95797558,5
2025-12-12 21:17:00,131.49,131.55,131.49,131.55,131.53,112.17722592,10
2025-12-12 21:18:00,131.58,131.62,131.56,131.62,131.61,15.60035562,8
2025-12-12 21:19:00,131.61,131.66,131.61,131.66,131.61,2.4639132,6
2025-12-12 21:20:00,131.65,131.66,131.63,131.63,131.64,475.42677498,15
2025-12-12 21:21:00,131.68,131.78,131.68,131.77,131.71,4.59232574,13
2025-12-12 21:22:00,131.76,131.76,131.7,131.71,131.75,48.91868339,8
2025-12-12 21:23:00,131.7,131.71,131.66,131.66,131.67,8.37540598,13
2025-12-12 21:24:00,131.63,131.68,131.53,131.56,131.56,66.16000538,22
2025-12-12 21:25:00,131.6,131.61,131.57,131.61,131.59,2.90923836,11
2025-12-12 21:26:00,131.61,131.62,131.61,131.62,131.61,2.85147044,8
2025-12-12 21:27:00,131.62,131.62,131.57,131.57,131.59,2035.12318269,36
2025-12-12 21:28:00,131.62,131.68,131.62,131.64,131.63,22.52774354,7
2025-12-12 21:29:00,131.63,131.65,131.63,131.65,131.63,7.54634118,14
2025-12-12 21:30:00,131.68,131.73,131.67,131.73,131.68,3.68832931,7
2025-12-12 21:31:00,131.72,131.8,131.63,131.8,131.73,829.75998428,25
2025-12-12 21:32:00,131.78,131.82,131.78,131.81,131.81,10.40592226,10
2025-12-12 21:33:00,131.8,131.85,131.77,131.83,131.84,97.56296196,16
2025-12-12 21:34:00,131.81,131.86,131.81,131.84,131.85,26.23373752,15
2025-12-12 21:35:00,131.83,131.84,131.78,131.81,131.81,12.65769521,8
2025-12-12 21:36:00,131.84,131.84,131.84,131.84,131.84,106.42821897,5
2025-12-12 21:37:00,131.83,131.89,131.82,131.85,131.83,810.87576424,23
2025-12-12 21:38:00,131.88,131.91,131.88,131.89,131.88,0.56750339,8
2025-12-12 21:39:00,131.9,131.92,131.88,131.89,131.9,9.06517764,10
2025-12-12 21:40:00,131.9,131.9,131.84,131.84,131.85,16.82595442,9
2025-12-12 21:41:00,131.82,131.82,131.81,131.81,131.81,0.34280957,5
2025-12-12 21:42:00,131.83,131.9,131.81,131.9,131.88,19.28138238,13
2025-12-12 21:43:00,131.9,131.93,131.89,131.89,131.91,1.90272544,10
2025-12-12 21:44:00,131.9,131.91,131.89,131.91,131.89,42.38706861,7
2025-12-12 21:45:00,131.91,131.92,131.85,131.85,131.89,12.25760614,14
2025-12-12 21:46:00,131.85,131.96,131.85,131.95,131.89,653.80777142,16
2025-12-12 21:47:00,131.96,132.0,131.96,132.0,131.98,35.21342666,15
2025-12-12 21:48:00,132.0,132.1,132.0,132.07,132.0,790.69812167,19
2025-12-12 21:49:00,132.07,132.07,132.06,132.06,132.06,0.0506,2
2025-12-12 21:50:00,132.06,132.07,132.0,132.0,132.05,2.98788366,10
2025-12-12 21:51:00,131.97,131.98,131.95,131.98,131.96,119.26014572,16
2025-12-12 21:52:00,131.98,131.98,131.98,131.98,131.98,0.89547314,2
2025-12-12 21:53:00,131.98,131.98,131.84,131.86,131.91,13.20066656,15
2025-12-12 21:54:00,131.87,131.89,131.87,131.89,131.87,0.15328,3
2025-12-12 21:55:00,131.87,131.87,131.79,131.79,131.83,644.23458302,17
2025-12-12 21:56:00,131.82,131.83,131.82,131.83,131.82,3.38590994,4
2025-12-12 21:57:00,131.82,131.83,131.82,131.83,131.82,0.96541335,5
2025-12-12 21:58:00,131.83,131.94,131.83,131.89,131.91,17.18121034,7
2025-12-12 21:59:00,131.83,131.86,131.83,131.85,131.83,8.40630876,6
2025-12-12 22:00:00,131.88,131.88,131.87,131.87,131.87,2.43272005,11
2025-12-12 22:01:00,131.88,131.88,131.87,131.88,131.87,3.05277452,6
2025-12-12 22:02:00,131.97,132.0,131.97,131.97,131.98,0.2207,3
2025-12-12 22:03:00,132.0,132.06,132.0,132.03,132.05,7.72440477,8
2025-12-12 22:04:00,132.06,132.12,132.05,132.11,132.05,204.33946049,15
2025-12-12 22:05:00,132.1,132.1,132.09,132.09,132.09,3.41684979,4
2025-12-12 22:06:00,132.06,132.07,132.02,132.07,132.02,361.49792042,11
2025-12-12 22:07:00,132.06,132.13,132.06,132.13,132.08,9.6213,8
2025-12-12 22:08:00,132.12,132.26,132.12,132.26,132.13,1.57186567,7
2025-12-12 22:09:00,132.26,132.27,132.24,132.24,132.24,1.55983,4
2025-12-12 22:10:00,132.28,132.66,132.28,132.4,132.51,353.84781332,53
2025-12-12 22:11:00,132.57,132.6,132.56,132.58,132.57,3.57272519,14
2025-12-12 22:12:00,132.57,132.68,132.53,132.53,132.57,210.65790963,13
2025-12-12 22:13:00,132.48,132.64,132.48,132.64,132.63,2.85893373,10
2025-12-12 22:14:00,132.62,132.62,132.47,132.53,132.54,1.4227143,9
2025-12-12 22:15:00,132.51,132.58,132.51,132.51,132.55,560.35329297,9
2025-12-12 22:16:00,132.55,132.55,132.41,132.53,132.45,574.5263883,29
2025-12-12 22:17:00,132.53,132.53,132.47,132.47,132.52,15.27592266,4
2025-12-12 22:18:00,132.48,132.55,132.42,132.55,132.49,5.02140527,10
2025-12-12 22:19:00,132.53,132.57,132.53,132.57,132.54,0.52513824,6
2025-12-12 22:20:00,132.62,132.71,132.62,132.71,132.64,4.42569367,13
2025-12-12 22:21:00,132.72,132.84,132.72,132.81,132.81,24.08012362,12
2025-12-12 22:22:00,132.81,132.81,132.66,132.67,132.67,25.0883521,7
2025-12-12 22:23:00,132.67,132.68,132.67,132.68,132.67,159.12597335,3
2025-12-12 22:24:00,132.64,132.79,132.64,132.75,132.74,2.98802194,7
2025-12-12 22:25:00,132.76,132.77,132.75,132.75,132.76,73.8194666,5
2025-12-12 22:26:00,132.65,132.7,132.64,132.67,132.66,4.18953529,7
2025-12-12 22:27:00,132.67,132.67,132.52,132.53,132.61,12.26922576,15
2025-12-12 22:28:00,132.53,132.58,132.48,132.53,132.53,15.35516508,14
2025-12-12 22:29:00,132.55,132.63,132.55,132.61,132.61,22.66306392,15
2025-12-12 22:30:00,132.55,132.55,132.42,132.42,132.54,254.23939747,20
2025-12-12 22:31:00,132.42,132.42,132.36,132.39,132.36,59.36592167,12
2025-12-12 22:32:00,132.39,132.48,132.39,132.46,132.43,30.48393733,8
2025-12-12 22:33:00,132.44,132.44,132.44,132.44,132.44,0.07048,1
2025-12-12 22:34:00,132.55,132.65,132.55,132.61,132.58,2.97318036,12
2025-12-12 22:35:00,132.58,132.58,132.57,132.58,132.57,3.87493023,7
2025-12-12 22:36:00,132.67,132.71,132.65,132.65,132.69,0.53707864,3
2025-12-12 22:37:00,132.65,132.7,132.63,132.66,132.65,8.18316325,11
2025-12-12 22:38:00,132.62,132.67,132.62,132.67,132.64,14.93278441,10
2025-12-12 22:39:00,132.65,132.65,132.57,132.57,132.61,0.63131044,5
2025-12-12 22:40:00,132.58,132.64,132.57,132.63,132.59,6.35984515,10
2025-12-12 22:41:00,132.64,132.76,132.64,132.72,132.73,5.46953517,12
2025-12-12 22:42:00,132.67,132.71,132.67,132.71,132.7,0.71135,3
2025-12-12 22:43:00,132.71,132.71,132.6,132.63,132.6,65.32513396,6
2025-12-12 22:44:00,132.61,132.68,132.56,132.68,132.66,104.74371672,11
2025-12-12 22:45:00,132.68,132.69,132.62,132.63,132.66,3.12800861,8
2025-12-12 22:46:00,132.62,132.63,132.59,132.63,132.61,17.03377711,8
2025-12-12 22:47:00,132.69,132.69,132.5,132.5,132.57,43.13995121,13
2025-12-12 22:48:00,132.61,132.61,132.56,132.57,132.56,0.86678661,4
2025-12-12 22:49:00,132.56,132.57,132.56,132.56,132.56,0.78903595,5
2025-12-12 22:50:00,132.56,132.56,132.51,132.54,132.52,10.34987729,10
2025-12-12 22:51:00,132.53,132.54,132.52,132.52,132.53,48.61421968,8
2025-12-12 22:52:00,132.53,132.54,132.53,132.54,132.53,2.1205,3
2025-12-12 22:53:00,132.54,132.54,132.5,132.52,132.52,3.42754675,6
2025-12-12 22:54:00,132.52,132.52,132.46,132.46,132.48,0.80341,2
2025-12-12 22:55:00,132.59,132.64,132.58,132.63,132.6,4.89968234,9
2025-12-12 22:56:00,132.6,132.62,132.59,132.61,132.6,1.86037186,9
2025-12-12 22:57:00,132.6,132.6,132.6,132.6,132.6,0.61089294,4
2025-12-12 22:58:00,132.61,132.79,132.61,132.79,132.71,19.55985189,11
2025-12-12 22:59:00,132.71,132.74,132.68,132.71,132.69,30.93601767,14
2025-12-12 23:00:00,132.78,132.83,132.75,132.76,132.82,42.18472578,13
2025-12-12 23:01:00,132.76,132.76,132.71,132.74,132.71,22.72513482,13
2025-12-12 23:02:00,132.73,132.85,132.72,132.85,132.82,65.67387809,9
2025-12-12 23:03:00,132.91,132.96,132.87,132.89,132.89,54.62299462,17
2025-12-12 23:04:00,132.88,132.89,132.81,132.81,132.85,53.97228816,11
2025-12-12 23:05:00,132.82,132.99,132.82,132.99,132.97,44.22650191,16
2025-12-12 23:06:00,132.98,133.0,132.93,132.94,132.99,255.3282326,17
2025-12-12 23:07:00,132.98,132.98,132.87,132.87,132.9,6.32942922,14
2025-12-12 23:08:00,132.89,132.89,132.85,132.86,132.86,7.496,6
2025-12-12 23:09:00,132.85,132.85,132.82,132.82,132.82,11.43583484,8
2025-12-12 23:10:00,132.76,132.8,132.71,132.71,132.75,0.87721517,9
2025-12-12 23:11:00,132.68,132.78,132.67,132.78,132.69,4.67668469,11
2025-12-12 23:12:00,132.81,132.82,132.81,132.82,132.81,2.15182951,4
2025-12-12 23:13:00,132.86,132.86,132.81,132.81,132.85,10.7886789,9
2025-12-12 23:14:00,132.81,132.82,132.79,132.79,132.8,20.12305911,8
2025-12-12 23:15:00,132.85,132.85,132.81,132.81,132.81,0.37955163,8
2025-12-12 23:16:00,132.81,132.91,132.81,132.9,132.81,1.80299756,4
2025-12-12 23:17:00,132.84,132.84,132.7,132.72,132.79,18.20454646,11
2025-12-12 23:18:00,132.71,132.79,132.71,132.76,132.75,0.47639638,5
2025-12-12 23:19:00,132.75,132.81,132.72,132.72,132.75,12.12992247,15
2025-12-12 23:20:00,132.75,132.75,132.74,132.74,132.74,1.1209385,4
2025-12-12 23:21:00,132.73,132.78,132.73,132.77,132.75,3.59518911,8
2025-12-12 23:22:00,132.81,132.81,132.78,132.8,132.8,8.01349039,11
2025-12-12 23:23:00,132.78,132.79,132.69,132.69,132.72,1.8906,6
2025-12-12 23:24:00,132.67,132.72,132.65,132.71,132.67,3.60693784,9
2025-12-12 23:25:00,132.72,132.73,132.65,132.65,132.68,59.07021244,19
2025-12-12 23:26:00,132.66,132.66,132.62,132.63,132.63,8.66741802,9
2025-12-12 23:27:00,132.63,132.7,132.63,132.68,132.65,2.93114029,14
2025-12-12 23:28:00,132.67,132.68,132.61,132.61,132.61,0.82308,3
2025-12-12 23:29:00,132.6,132.61,132.54,132.56,132.56,57.84775179,11
2025-12-12 23:30:00,132.55,132.57,132.52,132.55,132.55,12.72491344,7
2025-12-12 23:31:00,132.55,132.69,132.55,132.67,132.68,81.04440503,5
2025-12-12 23:32:00,132.69,132.69,132.68,132.68,132.68,2.01540986,3
2025-12-12 23:33:00,132.67,132.67,132.67,132.67,132.67,0.30866247,3
2025-12-12 23:34:00,132.69,132.71,132.67,132.71,132.7,0.97355818,4
2025-12-12 23:35:00,132.71,132.72,132.7,132.7,132.71,7.51243409,6
2025-12-12 23:36:00,132.62,132.64,132.62,132.64,132.63,1.55504,3
2025-12-12 23:37:00,132.63,132.68,132.63,132.68,132.67,1.12674615,7
2025-12-12 23:38:00,132.69,132.71,132.68,132.69,132.69,15.55001046,10
2025-12-12 23:39:00,132.7,132.7,132.68,132.69,132.68,10.19414816,5
2025-12-12 23:40:00,132.68,132.68,132.61,132.64,132.64,5.87653477,9
2025-12-12 23:41:00,132.63,132.63,132.61,132.61,132.61,2.0364,4
2025-12-12 23:42:00,132.6,132.62,132.6,132.62,132.6,2.34949,4
2025-12-12 23:43:00,132.6,132.61,132.6,132.61,132.6,1.47276763,5
2025-12-12 23:44:00,132.6,132.62,132.6,132.6,132.6,21.66290125,10
2025-12-12 23:45:00,132.59,132.59,132.58,132.58,132.58,0.22141468,4
2025-12-12 23:46:00,132.59,132.59,132.59,132.59,132.59,25.37834661,4
2025-12-12 23:47:00,132.54,132.55,132.54,132.55,132.54,1.51003235,7
2025-12-12 23:48:00,132.55,132.55,132.55,132.55,132.55,2.9637073,4
2025-12-12 23:49:00,132.55,132.55,132.54,132.54,132.54,1.54294813,2
2025-12-12 23:50:00,132.54,132.54,132.53,132.54,132.53,6.13735,6
2025-12-12 23:51:00,132.53,132.61,132.53,132.6,132.56,2.81843606,8
2025-12-12 23:52:00,132.54,132.54,132.51,132.51,132.52,3.78543068,9
2025-12-12 23:53:00,132.51,132.51,132.39,132.42,132.45,19.60871916,8
2025-12-12 23:54:00,132.41,132.48,132.37,132.46,132.4,1018.00930577,31
2025-12-12 23:55:00,132.44,132.44,132.44,132.44,132.44,20.08531,1
